DROP TABLE IF EXISTS `projects`;
CREATE TABLE `projects` (
  `id` int(11) unsigned NOT NULL AUTO_INCREMENT,
  `name` varchar(255) DEFAULT NULL,
  `image` int(11) DEFAULT NULL,
  `active` tinyint(1) DEFAULT '0',
  `status_id` int(11) DEFAULT NULL,
  `start_date` datetime DEFAULT NULL,
  `end_date` datetime DEFAULT NULL,
  `created_at` TIMESTAMP NULL DEFAULT CURRENT_TIMESTAMP,
  `updated_at` TIMESTAMP NULL DEFAULT NULL ON UPDATE CURRENT_TIMESTAMP,
  PRIMARY KEY (`id`)
) ENGINE=InnoDB AUTO_INCREMENT=14 DEFAULT CHARSET=utf8;

LOCK TABLES `projects` WRITE;
INSERT INTO `projects` VALUES (1,'Oceania',NULL,1,NULL,NULL,NULL,'2016-07-30 12:18:40','2018-02-26 10:55:35'),(2,'Magrathea PHP',NULL,NULL,NULL,NULL,NULL,'2016-08-15 10:00:24','2018-03-14 08:28:01'),(3,'Bolão Pé na Cova',NULL,NULL,NULL,NULL,NULL,'2016-08-15 10:00:31','2018-03-14 08:27:30'),(5,'Textos',NULL,1,NULL,NULL,NULL,'2016-08-15 10:00:41','2016-11-30 10:44:20'),(6,'Pessoal',NULL,1,NULL,NULL,NULL,'2016-08-15 10:56:40','2018-01-19 16:40:28'),(7,'Ice-breakers',NULL,NULL,NULL,NULL,NULL,'2016-08-15 10:56:55','2018-03-24 08:39:57'),(8,'Zombie Tilt',NULL,NULL,NULL,NULL,NULL,'2016-08-15 10:57:02','2017-10-11 09:44:39'),(9,'RetroStation',NULL,NULL,NULL,NULL,NULL,'2016-08-15 15:29:36','2018-06-01 21:09:05'),(10,'Botecaria',NULL,1,NULL,NULL,NULL,'2016-08-15 15:29:40','2018-01-10 16:21:35'),(11,'42 babacas',NULL,NULL,NULL,NULL,NULL,'2017-06-08 11:06:44','2018-01-19 16:29:35'),(12,'Brickwork',NULL,NULL,NULL,NULL,NULL,'2017-08-11 09:48:09','2018-03-14 08:27:36'),(13,'Paulo Velho',NULL,NULL,NULL,NULL,NULL,'2017-08-31 10:49:25','2017-10-23 14:36:06');
UNLOCK TABLES;

DROP TABLE IF EXISTS `stats`;
CREATE TABLE `stats` (
  `id` int(11) unsigned NOT NULL AUTO_INCREMENT,
  `name` varchar(255) DEFAULT NULL,
  `color` varchar(255) DEFAULT NULL,
  `icon` varchar(255) DEFAULT NULL,
  `created_at` TIMESTAMP NULL DEFAULT CURRENT_TIMESTAMP,
  `updated_at` TIMESTAMP NULL DEFAULT NULL ON UPDATE CURRENT_TIMESTAMP,
  PRIMARY KEY (`id`)
) ENGINE=InnoDB AUTO_INCREMENT=8 DEFAULT CHARSET=utf8;
LOCK TABLES `stats` WRITE;
INSERT INTO `stats` VALUES (1,'backlog',NULL,NULL,'2016-07-27 16:45:54','2016-07-27 16:45:54'),(2,'to-do',NULL,NULL,'2016-07-27 16:45:54','2016-07-27 16:45:54'),(3,'wip',NULL,NULL,'2016-07-27 16:45:54','2016-07-27 16:45:54'),(4,'on-hold',NULL,NULL,'2016-07-27 16:45:54','2016-12-23 11:38:41'),(5,'homolog',NULL,NULL,'2016-07-27 16:45:54','2016-07-27 16:45:54'),(6,'done',NULL,NULL,'2016-07-27 16:45:54','2016-07-27 16:45:54'),(7,'archived',NULL,NULL,'2016-07-27 16:45:54','2016-07-27 16:45:54');
UNLOCK TABLES;

DROP TABLE IF EXISTS `status_changes`;
CREATE TABLE `status_changes` (
  `id` int(11) unsigned NOT NULL AUTO_INCREMENT,
  `task_id` int(11) DEFAULT NULL,
  `old_status` int(11) DEFAULT NULL,
  `new_status` int(11) DEFAULT NULL,
  `timestamp` datetime DEFAULT NULL,
  `created_at` TIMESTAMP NULL DEFAULT CURRENT_TIMESTAMP,
  `updated_at` TIMESTAMP NULL DEFAULT NULL ON UPDATE CURRENT_TIMESTAMP,
  PRIMARY KEY (`id`)
) ENGINE=InnoDB AUTO_INCREMENT=627 DEFAULT CHARSET=utf8;
LOCK TABLES `status_changes` WRITE;
INSERT INTO `status_changes` VALUES (1,4,1,3,'2016-07-31 07:14:52','2016-07-31 10:14:52','2016-07-31 10:14:52'),(2,1,1,5,'2016-07-31 07:15:01','2016-07-31 10:15:01','2016-07-31 10:15:01'),(3,3,1,2,'2016-07-31 07:15:49','2016-07-31 10:15:49','2016-07-31 10:15:49'),(4,5,1,2,'2016-07-31 07:15:58','2016-07-31 10:15:58','2016-07-31 10:15:58'),(5,1,5,6,'2016-08-02 06:26:24','2016-08-02 09:26:24','2016-08-02 09:26:24'),(6,5,2,3,'2016-08-03 07:09:30','2016-08-03 10:09:30','2016-08-03 10:09:30'),(7,8,1,2,'2016-08-03 07:09:51','2016-08-03 10:09:51','2016-08-03 10:09:51'),(8,9,1,2,'2016-08-03 07:09:54','2016-08-03 10:09:54','2016-08-03 10:09:54'),(9,6,1,2,'2016-08-03 07:10:01','2016-08-03 10:10:01','2016-08-03 10:10:01'),(10,9,2,5,'2016-08-03 19:02:59','2016-08-03 22:02:59','2016-08-03 22:02:59'),(11,5,3,5,'2016-08-03 19:03:16','2016-08-03 22:03:16','2016-08-03 22:03:16'),(12,4,3,5,'2016-08-03 19:03:21','2016-08-03 22:03:21','2016-08-03 22:03:21'),(13,8,2,3,'2016-08-03 19:03:36','2016-08-03 22:03:36','2016-08-03 22:03:36'),(14,11,1,3,'2016-08-03 19:03:44','2016-08-03 22:03:44','2016-08-03 22:03:44'),(15,14,1,2,'2016-08-04 10:51:36','2016-08-04 13:51:36','2016-08-04 13:51:36'),(16,13,1,3,'2016-08-04 10:51:41','2016-08-04 13:51:41','2016-08-04 13:51:41'),(17,12,1,2,'2016-08-04 10:51:48','2016-08-04 13:51:48','2016-08-04 13:51:48'),(18,15,1,2,'2016-08-05 09:40:49','2016-08-05 12:40:49','2016-08-05 12:40:49'),(19,6,2,5,'2016-08-07 20:08:39','2016-08-07 23:08:39','2016-08-07 23:08:39'),(20,5,5,6,'2016-08-07 20:08:46','2016-08-07 23:08:46','2016-08-07 23:08:46'),(21,8,3,5,'2016-08-07 20:08:52','2016-08-07 23:08:52','2016-08-07 23:08:52'),(22,13,3,4,'2016-08-07 20:09:02','2016-08-07 23:09:02','2016-08-07 23:09:02'),(23,14,2,5,'2016-08-07 20:09:08','2016-08-07 23:09:08','2016-08-07 23:09:08'),(24,1,6,7,'2016-08-08 07:13:06','2016-08-08 10:13:06','2016-08-08 10:13:06'),(25,6,5,6,'2016-08-08 07:13:45','2016-08-08 10:13:45','2016-08-08 10:13:45'),(26,9,5,6,'2016-08-08 07:13:55','2016-08-08 10:13:55','2016-08-08 10:13:55'),(27,8,5,3,'2016-08-08 07:14:33','2016-08-08 10:14:33','2016-08-08 10:14:33'),(28,12,2,3,'2016-08-08 07:15:38','2016-08-08 10:15:38','2016-08-08 10:15:38'),(29,11,3,2,'2016-08-08 07:15:43','2016-08-08 10:15:43','2016-08-08 10:15:43'),(30,NULL,1,3,'2016-08-08 07:16:00','2016-08-08 10:16:00','2016-08-08 10:16:00'),(31,17,3,5,'2016-08-09 06:54:31','2016-08-09 09:54:31','2016-08-09 09:54:31'),(32,12,3,2,'2016-08-09 06:54:35','2016-08-09 09:54:35','2016-08-09 09:54:35'),(33,8,3,4,'2016-08-09 06:54:40','2016-08-09 09:54:40','2016-08-09 09:54:40'),(34,3,2,6,'2016-08-09 06:54:49','2016-08-09 09:54:49','2016-08-09 09:54:49'),(35,3,6,5,'2016-08-09 06:54:50','2016-08-09 09:54:50','2016-08-09 09:54:50'),(36,16,1,2,'2016-08-09 06:54:56','2016-08-09 09:54:56','2016-08-09 09:54:56'),(37,10,1,2,'2016-08-09 06:55:02','2016-08-09 09:55:02','2016-08-09 09:55:02'),(38,2,1,2,'2016-08-09 06:55:04','2016-08-09 09:55:04','2016-08-09 09:55:04'),(39,13,4,3,'2016-08-09 06:56:35','2016-08-09 09:56:35','2016-08-09 09:56:35'),(40,13,3,2,'2016-08-09 06:56:37','2016-08-09 09:56:37','2016-08-09 09:56:37'),(41,4,5,2,'2016-08-09 06:56:53','2016-08-09 09:56:53','2016-08-09 09:56:53'),(42,23,1,2,'2016-08-09 07:00:05','2016-08-09 10:00:05','2016-08-09 10:00:05'),(43,16,2,1,'2016-08-09 07:01:03','2016-08-09 10:01:03','2016-08-09 10:01:03'),(44,15,2,1,'2016-08-09 07:01:05','2016-08-09 10:01:05','2016-08-09 10:01:05'),(45,23,2,3,'2016-08-09 09:18:55','2016-08-09 12:18:55','2016-08-09 12:18:55'),(46,23,3,5,'2016-08-09 23:13:03','2016-08-10 02:13:03','2016-08-10 02:13:03'),(47,4,2,3,'2016-08-09 23:13:17','2016-08-10 02:13:17','2016-08-10 02:13:17'),(48,4,3,2,'2016-08-10 00:37:15','2016-08-10 03:37:15','2016-08-10 03:37:15'),(49,18,1,2,'2016-08-10 07:37:50','2016-08-10 10:37:50','2016-08-10 10:37:50'),(50,25,1,2,'2016-08-10 07:37:59','2016-08-10 10:37:59','2016-08-10 10:37:59'),(51,23,5,6,'2016-08-12 05:53:55','2016-08-12 08:53:55','2016-08-12 08:53:55'),(52,17,5,6,'2016-08-12 05:53:56','2016-08-12 08:53:56','2016-08-12 08:53:56'),(53,13,2,6,'2016-08-12 05:54:27','2016-08-12 08:54:27','2016-08-12 08:54:27'),(54,2,2,5,'2016-08-12 05:54:54','2016-08-12 08:54:54','2016-08-12 08:54:54'),(55,4,2,5,'2016-08-12 05:59:19','2016-08-12 08:59:19','2016-08-12 08:59:19'),(56,12,2,5,'2016-08-14 16:50:13','2016-08-14 19:50:13','2016-08-14 19:50:13'),(57,10,2,6,'2016-08-14 16:50:23','2016-08-14 19:50:23','2016-08-14 19:50:23'),(58,5,6,7,'2016-08-15 06:58:36','2016-08-15 09:58:36','2016-08-15 09:58:36'),(59,9,6,7,'2016-08-15 06:58:38','2016-08-15 09:58:38','2016-08-15 09:58:38'),(60,6,6,7,'2016-08-15 06:58:39','2016-08-15 09:58:39','2016-08-15 09:58:39'),(61,10,6,7,'2016-08-15 06:58:40','2016-08-15 09:58:40','2016-08-15 09:58:40'),(62,13,6,7,'2016-08-15 06:58:42','2016-08-15 09:58:42','2016-08-15 09:58:42'),(63,17,6,7,'2016-08-15 06:58:43','2016-08-15 09:58:43','2016-08-15 09:58:43'),(64,23,6,7,'2016-08-15 06:58:46','2016-08-15 09:58:46','2016-08-15 09:58:46'),(65,12,5,6,'2016-08-15 06:58:50','2016-08-15 09:58:50','2016-08-15 09:58:50'),(66,2,5,6,'2016-08-15 06:58:53','2016-08-15 09:58:53','2016-08-15 09:58:53'),(67,3,5,6,'2016-08-15 06:58:54','2016-08-15 09:58:54','2016-08-15 09:58:54'),(68,18,2,6,'2016-08-15 06:58:58','2016-08-15 09:58:58','2016-08-15 09:58:58'),(69,11,2,7,'2016-08-15 06:59:02','2016-08-15 09:59:02','2016-08-15 09:59:02'),(70,28,1,2,'2016-08-15 07:02:47','2016-08-15 10:02:47','2016-08-15 10:02:47'),(71,30,1,2,'2016-08-15 07:06:38','2016-08-15 10:06:38','2016-08-15 10:06:38'),(72,29,1,2,'2016-08-15 07:06:38','2016-08-15 10:06:38','2016-08-15 10:06:38'),(73,31,1,2,'2016-08-15 07:06:40','2016-08-15 10:06:40','2016-08-15 10:06:40'),(74,35,1,2,'2016-08-15 07:08:51','2016-08-15 10:08:51','2016-08-15 10:08:51'),(75,34,1,2,'2016-08-15 07:08:52','2016-08-15 10:08:52','2016-08-15 10:08:52'),(76,40,1,2,'2016-08-15 07:18:51','2016-08-15 10:18:51','2016-08-15 10:18:51'),(77,29,2,3,'2016-08-15 07:51:21','2016-08-15 10:51:21','2016-08-15 10:51:21'),(78,35,2,3,'2016-08-15 07:51:28','2016-08-15 10:51:28','2016-08-15 10:51:28'),(79,29,3,2,'2016-08-15 07:51:33','2016-08-15 10:51:33','2016-08-15 10:51:33'),(80,43,1,3,'2016-08-15 07:51:57','2016-08-15 10:51:57','2016-08-15 10:51:57'),(81,4,5,1,'2016-08-15 07:56:01','2016-08-15 10:56:01','2016-08-15 10:56:01'),(82,44,1,2,'2016-08-15 07:57:55','2016-08-15 10:57:55','2016-08-15 10:57:55'),(83,46,1,3,'2016-08-15 07:59:57','2016-08-15 10:59:57','2016-08-15 10:59:57'),(84,45,1,3,'2016-08-15 07:59:59','2016-08-15 10:59:59','2016-08-15 10:59:59'),(85,47,1,2,'2016-08-15 08:00:21','2016-08-15 11:00:21','2016-08-15 11:00:21'),(86,48,1,3,'2016-08-15 08:16:49','2016-08-15 11:16:49','2016-08-15 11:16:49'),(87,39,1,3,'2016-08-15 08:16:56','2016-08-15 11:16:56','2016-08-15 11:16:56'),(88,49,1,2,'2016-08-15 08:17:45','2016-08-15 11:17:45','2016-08-15 11:17:45'),(89,38,1,2,'2016-08-15 08:17:46','2016-08-15 11:17:46','2016-08-15 11:17:46'),(90,53,1,2,'2016-08-15 08:19:08','2016-08-15 11:19:08','2016-08-15 11:19:08'),(91,14,5,6,'2016-08-15 09:30:23','2016-08-15 12:30:23','2016-08-15 12:30:23'),(92,2,6,7,'2016-08-15 09:30:31','2016-08-15 12:30:31','2016-08-15 12:30:31'),(93,3,6,7,'2016-08-15 09:30:34','2016-08-15 12:30:34','2016-08-15 12:30:34'),(94,57,1,3,'2016-08-15 12:30:50','2016-08-15 15:30:50','2016-08-15 15:30:50'),(95,44,2,3,'2016-08-15 18:09:23','2016-08-15 21:09:23','2016-08-15 21:09:23'),(96,44,3,5,'2016-08-15 18:09:50','2016-08-15 21:09:50','2016-08-15 21:09:50'),(97,28,2,3,'2016-08-15 18:09:56','2016-08-15 21:09:56','2016-08-15 21:09:56'),(98,28,3,5,'2016-08-15 18:19:40','2016-08-15 21:19:41','2016-08-15 21:19:41'),(99,25,2,3,'2016-08-15 18:19:43','2016-08-15 21:19:43','2016-08-15 21:19:43'),(100,25,3,5,'2016-08-15 18:30:23','2016-08-15 21:30:23','2016-08-15 21:30:23'),(101,40,2,3,'2016-08-15 18:30:25','2016-08-15 21:30:25','2016-08-15 21:30:25'),(102,40,3,5,'2016-08-15 18:38:28','2016-08-15 21:38:28','2016-08-15 21:38:28'),(103,44,5,4,'2016-08-16 06:48:55','2016-08-16 09:48:55','2016-08-16 09:48:55'),(104,44,4,6,'2016-08-16 06:49:04','2016-08-16 09:49:04','2016-08-16 09:49:04'),(105,40,5,6,'2016-08-16 06:49:07','2016-08-16 09:49:07','2016-08-16 09:49:07'),(106,62,1,2,'2016-08-16 06:50:20','2016-08-16 09:50:20','2016-08-16 09:50:20'),(107,28,5,6,'2016-08-16 06:51:41','2016-08-16 09:51:41','2016-08-16 09:51:41'),(108,25,5,6,'2016-08-16 06:51:42','2016-08-16 09:51:42','2016-08-16 09:51:42'),(109,65,1,3,'2016-08-16 06:57:02','2016-08-16 09:57:02','2016-08-16 09:57:02'),(110,65,3,5,'2016-08-16 10:25:22','2016-08-16 13:25:22','2016-08-16 13:25:22'),(111,65,5,4,'2016-08-16 10:25:28','2016-08-16 13:25:28','2016-08-16 13:25:28'),(112,67,1,2,'2016-08-16 10:27:56','2016-08-16 13:27:56','2016-08-16 13:27:56'),(113,57,3,5,'2016-08-16 12:29:37','2016-08-16 15:29:37','2016-08-16 15:29:37'),(114,57,5,3,'2016-08-16 12:29:37','2016-08-16 15:29:37','2016-08-16 15:29:37'),(115,68,1,2,'2016-08-16 12:32:25','2016-08-16 15:32:25','2016-08-16 15:32:25'),(116,69,1,2,'2016-08-16 12:32:41','2016-08-16 15:32:41','2016-08-16 15:32:41'),(117,46,3,2,'2016-08-16 12:33:03','2016-08-16 15:33:03','2016-08-16 15:33:03'),(118,35,3,2,'2016-08-16 12:33:10','2016-08-16 15:33:10','2016-08-16 15:33:10'),(119,70,1,3,'2016-08-17 10:19:20','2016-08-17 13:19:20','2016-08-17 13:19:20'),(120,48,3,5,'2016-08-17 13:15:04','2016-08-17 16:15:04','2016-08-17 16:15:04'),(121,67,2,5,'2016-08-17 13:15:27','2016-08-17 16:15:27','2016-08-17 16:15:27'),(122,67,5,3,'2016-08-17 13:15:30','2016-08-17 16:15:30','2016-08-17 16:15:30'),(123,45,3,4,'2016-08-17 14:00:30','2016-08-17 17:00:30','2016-08-17 17:00:30'),(124,45,4,3,'2016-08-17 14:00:34','2016-08-17 17:00:34','2016-08-17 17:00:34'),(125,67,3,5,'2016-08-17 14:00:37','2016-08-17 17:00:37','2016-08-17 17:00:37'),(126,8,4,6,'2016-08-17 14:00:52','2016-08-17 17:00:52','2016-08-17 17:00:52'),(127,72,1,2,'2016-08-17 14:22:21','2016-08-17 17:22:21','2016-08-17 17:22:21'),(128,57,3,6,'2016-08-18 03:18:29','2016-08-18 06:18:29','2016-08-18 06:18:29'),(129,39,3,6,'2016-08-19 07:53:35','2016-08-19 10:53:35','2016-08-19 10:53:35'),(130,70,3,5,'2016-08-19 08:38:54','2016-08-19 11:38:54','2016-08-19 11:38:54'),(131,72,2,3,'2016-08-19 08:39:02','2016-08-19 11:39:02','2016-08-19 11:39:02'),(132,49,2,3,'2016-08-19 08:39:11','2016-08-19 11:39:11','2016-08-19 11:39:11'),(133,73,1,3,'2016-08-20 15:13:27','2016-08-20 18:13:27','2016-08-20 18:13:27'),(134,43,3,6,'2016-08-20 20:38:54','2016-08-20 23:38:54','2016-08-20 23:38:54'),(135,62,2,5,'2016-08-20 20:39:02','2016-08-20 23:39:02','2016-08-20 23:39:02'),(136,35,2,3,'2016-08-20 20:39:38','2016-08-20 23:39:38','2016-08-20 23:39:38'),(137,73,3,6,'2016-08-21 21:21:45','2016-08-22 00:21:45','2016-08-22 00:21:45'),(138,35,3,5,'2016-08-21 22:31:24','2016-08-22 01:31:24','2016-08-22 01:31:24'),(139,74,1,3,'2016-08-22 06:12:10','2016-08-22 09:12:10','2016-08-22 09:12:10'),(140,36,1,2,'2016-08-22 06:21:21','2016-08-22 09:21:21','2016-08-22 09:21:21'),(141,63,1,2,'2016-08-22 06:21:26','2016-08-22 09:21:26','2016-08-22 09:21:26'),(142,49,3,2,'2016-08-22 06:21:35','2016-08-22 09:21:35','2016-08-22 09:21:35'),(143,26,1,5,'2016-08-22 06:22:05','2016-08-22 09:22:05','2016-08-22 09:22:05'),(144,4,1,2,'2016-08-22 06:22:55','2016-08-22 09:22:55','2016-08-22 09:22:55'),(145,46,2,3,'2016-08-22 17:31:19','2016-08-22 20:31:19','2016-08-22 20:31:19'),(146,72,3,4,'2016-08-23 08:32:30','2016-08-23 11:32:30','2016-08-23 11:32:30'),(147,77,1,2,'2016-08-23 11:20:01','2016-08-23 14:20:01','2016-08-23 14:20:01'),(148,68,2,5,'2016-08-24 00:28:04','2016-08-24 03:28:04','2016-08-24 03:28:04'),(149,34,2,5,'2016-08-24 01:07:15','2016-08-24 04:07:15','2016-08-24 04:07:15'),(150,34,5,3,'2016-08-24 07:18:35','2016-08-24 10:18:35','2016-08-24 10:18:35'),(151,78,1,3,'2016-08-24 07:20:05','2016-08-24 10:20:05','2016-08-24 10:20:05'),(152,79,1,2,'2016-08-24 07:29:59','2016-08-24 10:29:59','2016-08-24 10:29:59'),(153,27,1,2,'2016-08-24 07:31:48','2016-08-24 10:31:48','2016-08-24 10:31:48'),(154,80,1,2,'2016-08-24 07:55:53','2016-08-24 10:55:53','2016-08-24 10:55:53'),(155,63,2,5,'2016-08-24 09:39:46','2016-08-24 12:39:46','2016-08-24 12:39:46'),(156,36,2,3,'2016-08-24 09:40:04','2016-08-24 12:40:04','2016-08-24 12:40:04'),(157,56,1,2,'2016-08-24 09:40:10','2016-08-24 12:40:10','2016-08-24 12:40:10'),(158,64,1,2,'2016-08-24 09:40:26','2016-08-24 12:40:26','2016-08-24 12:40:26'),(159,71,1,5,'2016-08-24 09:40:46','2016-08-24 12:40:46','2016-08-24 12:40:46'),(160,67,5,6,'2016-08-24 09:41:07','2016-08-24 12:41:07','2016-08-24 12:41:07'),(161,26,5,6,'2016-08-24 09:41:18','2016-08-24 12:41:18','2016-08-24 12:41:18'),(162,34,3,5,'2016-08-24 19:16:50','2016-08-24 22:16:50','2016-08-24 22:16:50'),(163,78,3,5,'2016-08-25 20:17:11','2016-08-25 23:17:11','2016-08-25 23:17:11'),(164,79,2,5,'2016-08-25 20:17:17','2016-08-25 23:17:17','2016-08-25 23:17:17'),(165,64,2,3,'2016-08-25 20:17:33','2016-08-25 23:17:33','2016-08-25 23:17:33'),(166,72,4,6,'2016-08-26 10:53:32','2016-08-26 13:53:32','2016-08-26 13:53:32'),(167,48,5,6,'2016-08-26 10:53:39','2016-08-26 13:53:39','2016-08-26 13:53:39'),(168,70,5,6,'2016-08-26 10:53:41','2016-08-26 13:53:41','2016-08-26 13:53:41'),(169,62,5,6,'2016-08-26 10:54:42','2016-08-26 13:54:42','2016-08-26 13:54:42'),(170,29,2,5,'2016-08-30 06:43:36','2016-08-30 09:43:36','2016-08-30 09:43:36'),(171,69,2,3,'2016-08-30 06:43:41','2016-08-30 09:43:41','2016-08-30 09:43:41'),(172,31,2,3,'2016-08-30 06:43:43','2016-08-30 09:43:43','2016-08-30 09:43:43'),(173,36,3,5,'2016-08-30 06:43:53','2016-08-30 09:43:53','2016-08-30 09:43:53'),(174,63,5,6,'2016-08-30 06:44:11','2016-08-30 09:44:11','2016-08-30 09:44:11'),(175,71,5,6,'2016-08-30 06:44:20','2016-08-30 09:44:20','2016-08-30 09:44:20'),(176,79,5,6,'2016-08-30 06:44:22','2016-08-30 09:44:22','2016-08-30 09:44:22'),(177,4,2,3,'2016-08-30 08:26:26','2016-08-30 11:26:26','2016-08-30 11:26:26'),(178,45,3,4,'2016-09-02 10:56:48','2016-09-02 13:56:48','2016-09-02 13:56:48'),(179,47,2,4,'2016-09-02 10:56:50','2016-09-02 13:56:50','2016-09-02 13:56:50'),(180,45,4,6,'2016-09-02 10:56:54','2016-09-02 13:56:54','2016-09-02 13:56:54'),(181,46,3,6,'2016-09-02 10:56:57','2016-09-02 13:56:57','2016-09-02 13:56:57'),(182,65,4,7,'2016-09-02 10:57:32','2016-09-02 13:57:32','2016-09-02 13:57:32'),(183,81,1,2,'2016-09-03 20:56:26','2016-09-03 23:56:26','2016-09-03 23:56:26'),(184,81,2,3,'2016-09-03 20:56:40','2016-09-03 23:56:40','2016-09-03 23:56:40'),(185,83,1,2,'2016-09-22 12:02:46','2016-09-22 15:02:46','2016-09-22 15:02:46'),(186,84,1,3,'2016-09-22 12:03:03','2016-09-22 15:03:03','2016-09-22 15:03:03'),(187,74,3,5,'2016-09-22 12:03:10','2016-09-22 15:03:10','2016-09-22 15:03:10'),(188,81,3,6,'2016-09-22 12:03:20','2016-09-22 15:03:20','2016-09-22 15:03:20'),(189,74,5,6,'2016-09-22 12:03:21','2016-09-22 15:03:21','2016-09-22 15:03:21'),(190,53,2,3,'2016-09-22 12:03:22','2016-09-22 15:03:22','2016-09-22 15:03:22'),(191,32,1,2,'2016-09-24 04:33:01','2016-09-24 07:33:01','2016-09-24 07:33:01'),(192,33,1,2,'2016-09-24 04:33:03','2016-09-24 07:33:03','2016-09-24 07:33:03'),(193,83,2,6,'2016-09-24 04:41:16','2016-09-24 07:41:16','2016-09-24 07:41:16'),(194,83,6,5,'2016-09-24 04:41:19','2016-09-24 07:41:19','2016-09-24 07:41:19'),(195,33,2,3,'2016-09-24 04:41:25','2016-09-24 07:41:25','2016-09-24 07:41:25'),(196,33,3,5,'2016-09-24 19:21:17','2016-09-24 22:21:17','2016-09-24 22:21:17'),(197,32,2,5,'2016-09-24 19:21:20','2016-09-24 22:21:20','2016-09-24 22:21:20'),(198,85,1,3,'2016-09-26 05:49:34','2016-09-26 08:49:34','2016-09-26 08:49:34'),(199,86,1,2,'2016-09-26 05:50:57','2016-09-26 08:50:57','2016-09-26 08:50:57'),(200,87,1,2,'2016-09-26 05:54:45','2016-09-26 08:54:45','2016-09-26 08:54:45'),(201,88,1,2,'2016-09-26 05:55:36','2016-09-26 08:55:36','2016-09-26 08:55:36'),(202,89,1,3,'2016-09-26 05:56:12','2016-09-26 08:56:12','2016-09-26 08:56:12'),(203,90,1,2,'2016-09-26 06:02:01','2016-09-26 09:02:01','2016-09-26 09:02:01'),(204,91,1,2,'2016-09-26 06:02:09','2016-09-26 09:02:09','2016-09-26 09:02:09'),(205,92,1,2,'2016-09-29 07:03:58','2016-09-29 10:03:58','2016-09-29 10:03:58'),(206,93,1,2,'2016-09-29 14:53:31','2016-09-29 17:53:31','2016-09-29 17:53:31'),(207,64,3,4,'2016-09-29 15:54:50','2016-09-29 18:54:50','2016-09-29 18:54:50'),(208,93,2,6,'2016-09-29 15:54:53','2016-09-29 18:54:53','2016-09-29 18:54:53'),(209,94,1,2,'2016-09-29 19:19:14','2016-09-29 22:19:14','2016-09-29 22:19:14'),(210,95,1,2,'2016-09-30 05:09:10','2016-09-30 08:09:10','2016-09-30 08:09:10'),(211,96,1,3,'2016-09-30 05:43:13','2016-09-30 08:43:13','2016-09-30 08:43:13'),(212,4,3,4,'2016-09-30 05:43:31','2016-09-30 08:43:31','2016-09-30 08:43:31'),(213,31,3,5,'2016-09-30 05:43:36','2016-09-30 08:43:37','2016-09-30 08:43:37'),(214,96,3,5,'2016-09-30 21:56:53','2016-10-01 00:56:53','2016-10-01 00:56:53'),(215,96,5,6,'2016-09-30 21:56:54','2016-10-01 00:56:54','2016-10-01 00:56:54'),(216,97,1,3,'2016-10-04 19:03:03','2016-10-04 22:03:03','2016-10-04 22:03:03'),(217,98,1,3,'2016-10-05 00:36:39','2016-10-05 03:36:39','2016-10-05 03:36:39'),(218,99,1,2,'2016-10-05 00:37:04','2016-10-05 03:37:04','2016-10-05 03:37:04'),(219,98,3,5,'2016-10-06 17:37:19','2016-10-06 20:37:19','2016-10-06 20:37:19'),(220,97,3,5,'2016-10-11 07:58:51','2016-10-11 10:58:51','2016-10-11 10:58:51'),(221,99,2,3,'2016-10-11 07:59:04','2016-10-11 10:59:04','2016-10-11 10:59:04'),(222,95,2,1,'2016-10-11 07:59:11','2016-10-11 10:59:11','2016-10-11 10:59:11'),(223,94,2,1,'2016-10-11 07:59:12','2016-10-11 10:59:12','2016-10-11 10:59:12'),(224,92,2,1,'2016-10-11 07:59:18','2016-10-11 10:59:18','2016-10-11 10:59:18'),(225,90,2,3,'2016-10-11 07:59:23','2016-10-11 10:59:23','2016-10-11 10:59:23'),(226,38,2,1,'2016-10-11 07:59:41','2016-10-11 10:59:41','2016-10-11 10:59:41'),(227,53,3,2,'2016-10-11 07:59:43','2016-10-11 10:59:43','2016-10-11 10:59:43'),(228,30,2,5,'2016-10-11 07:59:49','2016-10-11 10:59:49','2016-10-11 10:59:49'),(229,47,4,6,'2016-10-11 08:00:07','2016-10-11 11:00:07','2016-10-11 11:00:07'),(230,100,1,3,'2016-10-11 08:05:18','2016-10-11 11:05:18','2016-10-11 11:05:18'),(231,37,1,3,'2016-10-11 08:05:43','2016-10-11 11:05:43','2016-10-11 11:05:43'),(232,56,2,1,'2016-10-11 08:05:45','2016-10-11 11:05:45','2016-10-11 11:05:45'),(233,101,1,3,'2016-10-11 14:00:46','2016-10-11 17:00:46','2016-10-11 17:00:46'),(234,88,2,5,'2016-10-22 21:28:10','2016-10-22 23:28:10','2016-10-22 23:28:10'),(235,87,2,5,'2016-10-22 21:30:17','2016-10-22 23:30:17','2016-10-22 23:30:17'),(236,89,3,5,'2016-10-22 21:37:34','2016-10-22 23:37:34','2016-10-22 23:37:34'),(237,101,3,5,'2016-10-22 21:37:35','2016-10-22 23:37:35','2016-10-22 23:37:35'),(238,85,3,4,'2016-10-22 22:10:30','2016-10-23 00:10:30','2016-10-23 00:10:30'),(239,90,3,6,'2016-10-23 12:43:16','2016-10-23 14:43:16','2016-10-23 14:43:16'),(240,77,2,5,'2016-11-22 17:23:16','2016-11-22 19:23:16','2016-11-22 19:23:16'),(241,102,1,2,'2016-11-22 17:23:47','2016-11-22 19:23:47','2016-11-22 19:23:47'),(242,103,1,2,'2016-11-26 10:04:30','2016-11-26 12:04:30','2016-11-26 12:04:30'),(243,69,3,7,'2016-11-26 10:04:43','2016-11-26 12:04:43','2016-11-26 12:04:43'),(244,100,3,6,'2016-11-26 17:08:39','2016-11-26 19:08:39','2016-11-26 19:08:39'),(245,91,2,6,'2016-11-26 17:08:42','2016-11-26 19:08:42','2016-11-26 19:08:42'),(246,104,1,3,'2016-11-26 17:09:00','2016-11-26 19:09:00','2016-11-26 19:09:00'),(247,105,1,2,'2016-11-28 15:30:00','2016-11-28 17:30:00','2016-11-28 17:30:00'),(248,106,1,3,'2016-11-30 00:05:14','2016-11-30 02:05:14','2016-11-30 02:05:14'),(249,106,3,6,'2016-11-30 08:50:15','2016-11-30 10:50:15','2016-11-30 10:50:15'),(250,102,2,5,'2016-11-30 08:50:25','2016-11-30 10:50:25','2016-11-30 10:50:25'),(251,104,3,7,'2016-11-30 08:50:42','2016-11-30 10:50:42','2016-11-30 10:50:42'),(252,107,1,2,'2016-11-30 09:28:34','2016-11-30 11:28:34','2016-11-30 11:28:34'),(253,108,1,3,'2016-11-30 18:21:48','2016-11-30 20:21:48','2016-11-30 20:21:48'),(254,109,1,2,'2016-12-12 22:16:11','2016-12-13 00:16:11','2016-12-13 00:16:11'),(255,66,1,4,'2016-12-12 22:16:47','2016-12-13 00:16:47','2016-12-13 00:16:47'),(256,110,1,2,'2016-12-12 22:17:08','2016-12-13 00:17:08','2016-12-13 00:17:08'),(257,111,1,3,'2016-12-15 11:43:07','2016-12-15 13:43:07','2016-12-15 13:43:07'),(258,27,2,3,'2016-12-23 10:28:44','2016-12-23 12:28:44','2016-12-23 12:28:44'),(259,27,3,5,'2016-12-23 10:28:47','2016-12-23 12:28:47','2016-12-23 12:28:47'),(260,112,1,3,'2016-12-23 10:29:54','2016-12-23 12:29:54','2016-12-23 12:29:54'),(261,113,1,3,'2016-12-23 10:30:18','2016-12-23 12:30:18','2016-12-23 12:30:18'),(262,111,3,6,'2016-12-23 10:40:31','2016-12-23 12:40:31','2016-12-23 12:40:31'),(263,107,2,6,'2016-12-26 07:40:40','2016-12-26 09:40:40','2016-12-26 09:40:40'),(264,31,5,6,'2016-12-26 07:41:00','2016-12-26 09:41:00','2016-12-26 09:41:00'),(265,32,5,6,'2016-12-26 07:41:13','2016-12-26 09:41:13','2016-12-26 09:41:13'),(266,33,5,6,'2016-12-26 07:41:16','2016-12-26 09:41:16','2016-12-26 09:41:16'),(267,41,1,2,'2016-12-26 07:41:34','2016-12-26 09:41:34','2016-12-26 09:41:34'),(268,114,1,2,'2016-12-28 10:13:12','2016-12-28 12:13:12','2016-12-28 12:13:12'),(269,116,1,2,'2016-12-30 10:55:41','2016-12-30 12:55:41','2016-12-30 12:55:41'),(270,84,3,5,'2016-12-30 10:58:56','2016-12-30 12:58:56','2016-12-30 12:58:56'),(271,115,1,2,'2017-01-03 10:03:26','2017-01-03 12:03:26','2017-01-03 12:03:26'),(272,117,1,2,'2017-01-03 10:08:35','2017-01-03 12:08:35','2017-01-03 12:08:35'),(273,116,2,5,'2017-01-04 05:25:05','2017-01-04 07:25:05','2017-01-04 07:25:05'),(274,105,2,5,'2017-01-04 05:44:03','2017-01-04 07:44:03','2017-01-04 07:44:03'),(275,117,2,3,'2017-01-04 05:50:18','2017-01-04 07:50:18','2017-01-04 07:50:18'),(276,37,3,2,'2017-01-04 13:58:05','2017-01-04 15:58:05','2017-01-04 15:58:05'),(277,118,1,3,'2017-01-04 13:58:39','2017-01-04 15:58:39','2017-01-04 15:58:39'),(278,114,2,3,'2017-01-04 13:58:42','2017-01-04 15:58:42','2017-01-04 15:58:42'),(279,29,5,6,'2017-01-04 14:21:06','2017-01-04 16:21:06','2017-01-04 16:21:06'),(280,30,5,6,'2017-01-04 14:21:09','2017-01-04 16:21:09','2017-01-04 16:21:09'),(281,35,5,6,'2017-01-04 14:21:10','2017-01-04 16:21:10','2017-01-04 16:21:10'),(282,34,5,6,'2017-01-04 14:21:11','2017-01-04 16:21:11','2017-01-04 16:21:11'),(283,68,5,6,'2017-01-04 14:21:13','2017-01-04 16:21:13','2017-01-04 16:21:13'),(284,77,5,6,'2017-01-04 14:21:14','2017-01-04 16:21:14','2017-01-04 16:21:14'),(285,98,5,6,'2017-01-04 14:21:15','2017-01-04 16:21:15','2017-01-04 16:21:15'),(286,83,5,6,'2017-01-04 14:21:17','2017-01-04 16:21:17','2017-01-04 16:21:17'),(287,102,5,6,'2017-01-04 14:21:20','2017-01-04 16:21:20','2017-01-04 16:21:20'),(288,116,5,6,'2017-01-04 14:21:20','2017-01-04 16:21:20','2017-01-04 16:21:20'),(289,105,5,6,'2017-01-04 14:21:22','2017-01-04 16:21:22','2017-01-04 16:21:22'),(290,37,2,6,'2017-01-04 15:33:43','2017-01-04 17:33:44','2017-01-04 17:33:44'),(291,120,1,2,'2017-01-06 13:44:21','2017-01-06 15:44:21','2017-01-06 15:44:21'),(292,121,1,2,'2017-01-06 13:45:16','2017-01-06 15:45:16','2017-01-06 15:45:16'),(293,114,3,5,'2017-01-09 08:58:24','2017-01-09 10:58:24','2017-01-09 10:58:24'),(294,118,3,4,'2017-01-09 08:58:39','2017-01-09 10:58:39','2017-01-09 10:58:39'),(295,38,1,3,'2017-01-09 08:59:16','2017-01-09 10:59:16','2017-01-09 10:59:16'),(296,50,1,5,'2017-01-09 08:59:21','2017-01-09 10:59:21','2017-01-09 10:59:21'),(297,52,1,5,'2017-01-09 08:59:24','2017-01-09 10:59:24','2017-01-09 10:59:24'),(298,122,1,2,'2017-01-09 08:59:49','2017-01-09 10:59:49','2017-01-09 10:59:49'),(299,123,1,2,'2017-01-09 14:43:14','2017-01-09 16:43:14','2017-01-09 16:43:14'),(300,124,1,2,'2017-01-09 14:43:33','2017-01-09 16:43:33','2017-01-09 16:43:33'),(301,124,2,3,'2017-01-09 14:43:36','2017-01-09 16:43:36','2017-01-09 16:43:36'),(302,125,1,2,'2017-01-12 10:09:43','2017-01-12 12:09:43','2017-01-12 12:09:43'),(303,126,1,3,'2017-01-12 10:11:38','2017-01-12 12:11:38','2017-01-12 12:11:38'),(304,126,3,5,'2017-01-13 18:40:47','2017-01-13 20:40:46','2017-01-13 20:40:46'),(305,127,1,2,'2017-01-14 12:04:50','2017-01-14 14:04:50','2017-01-14 14:04:50'),(306,128,1,2,'2017-01-14 12:05:05','2017-01-14 14:05:05','2017-01-14 14:05:05'),(307,129,1,2,'2017-01-14 12:05:16','2017-01-14 14:05:16','2017-01-14 14:05:16'),(308,130,1,2,'2017-01-14 12:05:34','2017-01-14 14:05:34','2017-01-14 14:05:34'),(309,113,3,5,'2017-01-14 23:25:52','2017-01-15 01:25:52','2017-01-15 01:25:52'),(310,112,3,5,'2017-01-14 23:25:59','2017-01-15 01:25:59','2017-01-15 01:25:59'),(311,123,2,5,'2017-01-15 22:00:05','2017-01-16 00:00:05','2017-01-16 00:00:05'),(312,124,3,6,'2017-01-15 22:00:07','2017-01-16 00:00:07','2017-01-16 00:00:07'),(313,123,5,6,'2017-01-16 09:14:46','2017-01-16 11:14:46','2017-01-16 11:14:46'),(314,117,3,5,'2017-01-16 09:15:00','2017-01-16 11:15:00','2017-01-16 11:15:00'),(315,27,5,6,'2017-01-16 16:03:07','2017-01-16 18:03:07','2017-01-16 18:03:07'),(316,110,2,4,'2017-01-17 06:54:19','2017-01-17 08:54:18','2017-01-17 08:54:18'),(317,38,3,6,'2017-01-17 06:54:32','2017-01-17 08:54:32','2017-01-17 08:54:32'),(318,115,2,1,'2017-01-17 11:23:05','2017-01-17 13:23:05','2017-01-17 13:23:05'),(319,99,3,5,'2017-01-17 15:35:42','2017-01-17 17:35:42','2017-01-17 17:35:42'),(320,99,5,6,'2017-01-17 17:18:14','2017-01-17 19:18:13','2017-01-17 19:18:13'),(321,117,5,6,'2017-01-17 17:18:14','2017-01-17 19:18:14','2017-01-17 19:18:14'),(322,131,1,2,'2017-01-17 17:19:01','2017-01-17 19:19:01','2017-01-17 19:19:01'),(323,78,5,6,'2017-01-17 17:19:17','2017-01-17 19:19:16','2017-01-17 19:19:16'),(324,114,5,6,'2017-01-17 17:19:19','2017-01-17 19:19:19','2017-01-17 19:19:19'),(325,126,5,6,'2017-01-17 17:19:20','2017-01-17 19:19:20','2017-01-17 19:19:20'),(326,36,5,6,'2017-01-17 17:19:38','2017-01-17 19:19:38','2017-01-17 19:19:38'),(327,112,5,6,'2017-01-17 17:19:49','2017-01-17 19:19:48','2017-01-17 19:19:48'),(328,113,5,6,'2017-01-17 17:19:50','2017-01-17 19:19:49','2017-01-17 19:19:49'),(329,41,2,6,'2017-01-17 17:20:06','2017-01-17 19:20:06','2017-01-17 19:20:06'),(330,122,2,1,'2017-01-17 17:20:12','2017-01-17 19:20:12','2017-01-17 19:20:12'),(331,42,1,2,'2017-01-17 17:20:21','2017-01-17 19:20:21','2017-01-17 19:20:21'),(332,4,4,6,'2017-01-17 17:20:35','2017-01-17 19:20:35','2017-01-17 19:20:35'),(333,4,6,7,'2017-01-17 17:20:40','2017-01-17 19:20:40','2017-01-17 19:20:40'),(334,132,1,3,'2017-01-26 22:04:07','2017-01-27 00:04:07','2017-01-27 00:04:07'),(335,108,3,5,'2017-01-27 23:56:46','2017-01-28 01:56:45','2017-01-28 01:56:45'),(336,132,3,5,'2017-01-27 23:56:47','2017-01-28 01:56:46','2017-01-28 01:56:46'),(337,22,1,3,'2017-01-28 20:00:25','2017-01-28 22:00:24','2017-01-28 22:00:24'),(338,42,2,5,'2017-01-29 00:09:01','2017-01-29 02:09:00','2017-01-29 02:09:00'),(339,133,1,2,'2017-01-29 00:09:24','2017-01-29 02:09:23','2017-01-29 02:09:23'),(340,134,1,2,'2017-02-07 09:26:06','2017-02-07 11:26:05','2017-02-07 11:26:05'),(341,80,2,3,'2017-02-07 09:27:10','2017-02-07 11:27:09','2017-02-07 11:27:09'),(342,131,2,3,'2017-02-07 09:43:41','2017-02-07 11:43:39','2017-02-07 11:43:39'),(343,136,1,3,'2017-02-07 09:46:38','2017-02-07 11:46:36','2017-02-07 11:46:36'),(344,131,3,5,'2017-02-07 22:34:58','2017-02-08 00:34:57','2017-02-08 00:34:57'),(345,108,5,6,'2017-02-07 22:35:20','2017-02-08 00:35:19','2017-02-08 00:35:19'),(346,101,5,6,'2017-02-07 22:35:21','2017-02-08 00:35:20','2017-02-08 00:35:20'),(347,97,5,6,'2017-02-07 22:35:23','2017-02-08 00:35:21','2017-02-08 00:35:21'),(348,89,5,6,'2017-02-07 22:35:25','2017-02-08 00:35:24','2017-02-08 00:35:24'),(349,87,5,6,'2017-02-07 22:35:28','2017-02-08 00:35:27','2017-02-08 00:35:27'),(350,84,5,6,'2017-02-07 22:35:29','2017-02-08 00:35:27','2017-02-08 00:35:27'),(351,52,5,6,'2017-02-07 22:35:30','2017-02-08 00:35:28','2017-02-08 00:35:28'),(352,50,5,6,'2017-02-07 22:35:30','2017-02-08 00:35:29','2017-02-08 00:35:29'),(353,88,5,4,'2017-02-07 22:35:34','2017-02-08 00:35:32','2017-02-08 00:35:32'),(354,131,5,6,'2017-02-08 10:52:13','2017-02-08 12:52:12','2017-02-08 12:52:12'),(355,42,5,6,'2017-02-08 10:52:14','2017-02-08 12:52:13','2017-02-08 12:52:13'),(356,132,5,6,'2017-02-08 10:52:15','2017-02-08 12:52:14','2017-02-08 12:52:14'),(357,22,3,2,'2017-02-14 19:01:20','2017-02-14 21:01:18','2017-02-14 21:01:18'),(358,136,3,6,'2017-02-15 09:45:05','2017-02-15 11:45:03','2017-02-15 11:45:03'),(359,137,1,2,'2017-02-15 09:46:49','2017-02-15 11:46:47','2017-02-15 11:46:47'),(360,138,1,2,'2017-02-15 09:48:02','2017-02-15 11:48:00','2017-02-15 11:48:00'),(361,94,1,2,'2017-02-15 09:49:33','2017-02-15 11:49:31','2017-02-15 11:49:31'),(362,59,1,2,'2017-03-15 10:45:31','2017-03-15 13:45:28','2017-03-15 13:45:28'),(363,139,1,2,'2017-03-15 10:46:01','2017-03-15 13:45:58','2017-03-15 13:45:58'),(364,140,1,2,'2017-03-15 10:46:35','2017-03-15 13:46:31','2017-03-15 13:46:31'),(365,141,1,3,'2017-03-15 10:46:49','2017-03-15 13:46:46','2017-03-15 13:46:46'),(366,142,1,2,'2017-03-15 10:47:31','2017-03-15 13:47:28','2017-03-15 13:47:28'),(367,143,1,2,'2017-03-15 10:50:58','2017-03-15 13:50:55','2017-03-15 13:50:55'),(368,144,1,2,'2017-03-15 11:17:43','2017-03-15 14:17:39','2017-03-15 14:17:39'),(369,145,1,2,'2017-03-15 11:28:09','2017-03-15 14:28:06','2017-03-15 14:28:06'),(370,146,1,2,'2017-03-15 11:28:32','2017-03-15 14:28:29','2017-03-15 14:28:29'),(371,147,1,2,'2017-03-15 11:28:45','2017-03-15 14:28:42','2017-03-15 14:28:42'),(372,148,1,2,'2017-03-15 11:29:01','2017-03-15 14:28:58','2017-03-15 14:28:58'),(373,149,1,2,'2017-03-15 11:29:13','2017-03-15 14:29:10','2017-03-15 14:29:10'),(374,150,1,2,'2017-03-15 11:32:45','2017-03-15 14:32:42','2017-03-15 14:32:42'),(375,139,2,3,'2017-04-06 19:30:47','2017-04-06 22:30:47','2017-04-06 22:30:47'),(376,140,2,3,'2017-04-06 20:01:42','2017-04-06 23:01:42','2017-04-06 23:01:42'),(377,94,2,3,'2017-04-07 21:32:51','2017-04-08 00:32:51','2017-04-08 00:32:51'),(378,151,1,2,'2017-04-07 21:33:24','2017-04-08 00:33:24','2017-04-08 00:33:24'),(379,151,2,3,'2017-04-07 21:33:28','2017-04-08 00:33:28','2017-04-08 00:33:28'),(380,151,3,5,'2017-04-07 21:33:32','2017-04-08 00:33:32','2017-04-08 00:33:32'),(381,152,1,2,'2017-04-07 21:34:08','2017-04-08 00:34:08','2017-04-08 00:34:08'),(382,152,2,5,'2017-04-07 21:34:13','2017-04-08 00:34:13','2017-04-08 00:34:13'),(383,153,1,3,'2017-04-14 14:50:07','2017-04-14 17:50:07','2017-04-14 17:50:07'),(384,139,3,5,'2017-04-14 14:51:13','2017-04-14 17:51:13','2017-04-14 17:51:13'),(385,140,3,5,'2017-04-14 14:51:14','2017-04-14 17:51:14','2017-04-14 17:51:14'),(386,59,2,3,'2017-04-14 14:51:16','2017-04-14 17:51:16','2017-04-14 17:51:16'),(387,142,2,5,'2017-04-18 06:02:26','2017-04-18 09:02:26','2017-04-18 09:02:26'),(388,143,2,3,'2017-04-18 06:02:34','2017-04-18 09:02:34','2017-04-18 09:02:34'),(389,149,2,3,'2017-04-18 06:02:43','2017-04-18 09:02:43','2017-04-18 09:02:43'),(390,153,3,5,'2017-04-18 06:03:09','2017-04-18 09:03:10','2017-04-18 09:03:10'),(391,80,3,2,'2017-04-18 06:03:12','2017-04-18 09:03:12','2017-04-18 09:03:12'),(392,125,2,3,'2017-04-18 06:03:29','2017-04-18 09:03:29','2017-04-18 09:03:29'),(393,125,3,2,'2017-04-18 06:03:31','2017-04-18 09:03:31','2017-04-18 09:03:31'),(394,80,2,1,'2017-04-18 06:03:34','2017-04-18 09:03:34','2017-04-18 09:03:34'),(395,120,2,1,'2017-04-18 06:03:35','2017-04-18 09:03:35','2017-04-18 09:03:35'),(396,121,2,1,'2017-04-18 06:03:38','2017-04-18 09:03:38','2017-04-18 09:03:38'),(397,154,1,2,'2017-04-18 08:22:50','2017-04-18 11:22:50','2017-04-18 11:22:50'),(398,109,2,1,'2017-04-19 09:05:48','2017-04-19 12:05:48','2017-04-19 12:05:48'),(399,127,2,1,'2017-04-19 09:05:49','2017-04-19 12:05:49','2017-04-19 12:05:49'),(400,129,2,1,'2017-04-19 09:05:50','2017-04-19 12:05:50','2017-04-19 12:05:50'),(401,130,2,1,'2017-04-19 09:05:52','2017-04-19 12:05:52','2017-04-19 12:05:52'),(402,128,2,1,'2017-04-19 09:05:53','2017-04-19 12:05:53','2017-04-19 12:05:53'),(403,138,2,1,'2017-04-19 09:05:55','2017-04-19 12:05:55','2017-04-19 12:05:55'),(404,137,2,1,'2017-04-19 09:05:56','2017-04-19 12:05:56','2017-04-19 12:05:56'),(405,134,2,1,'2017-04-19 09:05:57','2017-04-19 12:05:57','2017-04-19 12:05:57'),(406,156,1,3,'2017-04-25 09:36:25','2017-04-25 12:36:25','2017-04-25 12:36:25'),(407,157,1,3,'2017-04-25 11:06:31','2017-04-25 14:06:31','2017-04-25 14:06:31'),(408,157,3,5,'2017-04-27 15:16:17','2017-04-27 18:16:17','2017-04-27 18:16:17'),(409,156,3,5,'2017-04-27 15:44:11','2017-04-27 18:44:11','2017-04-27 18:44:11'),(410,147,2,3,'2017-04-30 18:15:06','2017-04-30 21:15:06','2017-04-30 21:15:06'),(411,141,3,5,'2017-04-30 18:15:09','2017-04-30 21:15:09','2017-04-30 21:15:09'),(412,154,2,5,'2017-04-30 18:15:20','2017-04-30 21:15:20','2017-04-30 21:15:20'),(413,158,1,2,'2017-05-04 09:14:07','2017-05-04 12:14:07','2017-05-04 12:14:07'),(414,143,3,5,'2017-05-06 19:52:02','2017-05-06 22:52:02','2017-05-06 22:52:02'),(415,148,2,5,'2017-05-06 19:52:06','2017-05-06 22:52:06','2017-05-06 22:52:06'),(416,150,2,5,'2017-05-06 19:52:07','2017-05-06 22:52:07','2017-05-06 22:52:07'),(417,144,2,4,'2017-05-06 19:52:11','2017-05-06 22:52:11','2017-05-06 22:52:11'),(418,147,3,5,'2017-05-06 19:52:28','2017-05-06 22:52:28','2017-05-06 22:52:28'),(419,22,2,3,'2017-05-08 05:06:55','2017-05-08 08:06:55','2017-05-08 08:06:55'),(420,159,1,2,'2017-05-09 10:43:01','2017-05-09 13:43:01','2017-05-09 13:43:01'),(421,94,3,6,'2017-06-08 08:06:18','2017-06-08 11:06:18','2017-06-08 11:06:18'),(422,149,3,5,'2017-06-08 08:06:26','2017-06-08 11:06:26','2017-06-08 11:06:26'),(423,160,1,2,'2017-06-08 08:10:42','2017-06-08 11:10:42','2017-06-08 11:10:42'),(424,15,1,5,'2017-06-08 08:13:19','2017-06-08 11:13:19','2017-06-08 11:13:19'),(425,161,1,2,'2017-06-08 08:13:56','2017-06-08 11:13:56','2017-06-08 11:13:56'),(426,163,1,2,'2017-06-08 08:15:41','2017-06-08 11:15:41','2017-06-08 11:15:41'),(427,162,1,2,'2017-06-08 08:15:42','2017-06-08 11:15:42','2017-06-08 11:15:42'),(428,118,4,7,'2017-06-08 08:18:44','2017-06-08 11:18:44','2017-06-08 11:18:44'),(429,151,5,6,'2017-06-08 08:18:57','2017-06-08 11:18:57','2017-06-08 11:18:57'),(430,152,5,6,'2017-06-08 08:19:01','2017-06-08 11:19:01','2017-06-08 11:19:01'),(431,153,5,6,'2017-06-08 08:19:02','2017-06-08 11:19:02','2017-06-08 11:19:02'),(432,164,1,3,'2017-07-08 13:19:20','2017-07-08 16:19:20','2017-07-08 16:19:20'),(433,53,2,6,'2017-07-08 20:15:39','2017-07-08 23:15:39','2017-07-08 23:15:39'),(434,157,5,6,'2017-07-10 08:14:02','2017-07-10 11:14:02','2017-07-10 11:14:02'),(435,154,5,6,'2017-07-10 08:14:03','2017-07-10 11:14:04','2017-07-10 11:14:04'),(436,165,1,2,'2017-07-10 08:15:17','2017-07-10 11:15:17','2017-07-10 11:15:17'),(437,22,3,2,'2017-07-10 08:16:48','2017-07-10 11:16:48','2017-07-10 11:16:48'),(438,15,5,6,'2017-07-10 08:16:50','2017-07-10 11:16:50','2017-07-10 11:16:50'),(439,166,1,2,'2017-07-10 08:18:09','2017-07-10 11:18:09','2017-07-10 11:18:09'),(440,166,2,3,'2017-07-10 08:18:17','2017-07-10 11:18:17','2017-07-10 11:18:17'),(441,169,1,2,'2017-07-11 13:08:46','2017-07-11 16:08:47','2017-07-11 16:08:47'),(442,164,3,5,'2017-07-11 13:09:32','2017-07-11 16:09:32','2017-07-11 16:09:32'),(443,159,2,5,'2017-07-25 09:34:57','2017-07-25 12:34:57','2017-07-25 12:34:57'),(444,165,2,6,'2017-07-25 09:56:45','2017-07-25 12:56:45','2017-07-25 12:56:45'),(445,163,2,1,'2017-07-26 07:42:22','2017-07-26 10:42:22','2017-07-26 10:42:22'),(446,171,1,2,'2017-07-26 07:45:17','2017-07-26 10:45:17','2017-07-26 10:45:17'),(447,172,1,2,'2017-07-26 07:45:48','2017-07-26 10:45:48','2017-07-26 10:45:48'),(448,173,1,2,'2017-07-26 07:46:02','2017-07-26 10:46:02','2017-07-26 10:46:02'),(449,173,2,3,'2017-07-26 07:46:07','2017-07-26 10:46:07','2017-07-26 10:46:07'),(450,173,3,3,'2017-07-26 07:46:07','2017-07-26 10:46:07','2017-07-26 10:46:07'),(451,174,1,2,'2017-07-26 07:48:34','2017-07-26 10:48:34','2017-07-26 10:48:34'),(452,174,2,1,'2017-07-26 07:48:41','2017-07-26 10:48:41','2017-07-26 10:48:41'),(453,178,1,2,'2017-07-27 11:43:25','2017-07-27 14:43:25','2017-07-27 14:43:25'),(454,173,3,2,'2017-07-27 11:43:33','2017-07-27 14:43:33','2017-07-27 14:43:33'),(455,174,1,5,'2017-07-27 11:43:44','2017-07-27 14:43:44','2017-07-27 14:43:44'),(456,174,5,5,'2017-07-27 11:43:44','2017-07-27 14:43:44','2017-07-27 14:43:44'),(457,170,1,3,'2017-07-27 11:43:47','2017-07-27 14:43:47','2017-07-27 14:43:47'),(458,170,3,3,'2017-07-27 11:43:47','2017-07-27 14:43:47','2017-07-27 14:43:47'),(459,179,1,2,'2017-07-28 04:50:47','2017-07-28 07:50:47','2017-07-28 07:50:47'),(460,170,3,5,'2017-07-31 11:11:39','2017-07-31 14:11:39','2017-07-31 14:11:39'),(461,180,1,2,'2017-07-31 11:12:02','2017-07-31 14:12:02','2017-07-31 14:12:02'),(462,181,1,2,'2017-07-31 11:12:18','2017-07-31 14:12:18','2017-07-31 14:12:18'),(463,182,1,2,'2017-07-31 11:12:36','2017-07-31 14:12:36','2017-07-31 14:12:36'),(464,172,2,3,'2017-08-05 20:05:20','2017-08-05 23:05:20','2017-08-05 23:05:20'),(465,183,1,2,'2017-08-05 20:05:33','2017-08-05 23:05:33','2017-08-05 23:05:33'),(466,172,3,6,'2017-08-09 06:59:11','2017-08-09 09:59:10','2017-08-09 09:59:10'),(467,170,5,6,'2017-08-09 06:59:12','2017-08-09 09:59:12','2017-08-09 09:59:12'),(468,174,5,6,'2017-08-09 06:59:14','2017-08-09 09:59:13','2017-08-09 09:59:13'),(469,162,2,6,'2017-08-09 06:59:17','2017-08-09 09:59:17','2017-08-09 09:59:17'),(470,177,1,6,'2017-08-09 06:59:36','2017-08-09 09:59:36','2017-08-09 09:59:36'),(471,173,2,1,'2017-08-09 07:00:24','2017-08-09 10:00:24','2017-08-09 10:00:24'),(472,161,2,1,'2017-08-09 07:00:26','2017-08-09 10:00:26','2017-08-09 10:00:26'),(473,178,2,1,'2017-08-09 07:00:29','2017-08-09 10:00:29','2017-08-09 10:00:29'),(474,179,2,1,'2017-08-09 07:00:30','2017-08-09 10:00:30','2017-08-09 10:00:30'),(475,182,2,6,'2017-08-09 07:00:41','2017-08-09 10:00:41','2017-08-09 10:00:41'),(476,171,2,3,'2017-08-09 07:01:09','2017-08-09 10:01:09','2017-08-09 10:01:09'),(477,183,2,6,'2017-08-15 06:22:24','2017-08-15 09:22:24','2017-08-15 09:22:24'),(478,171,3,6,'2017-08-15 06:22:38','2017-08-15 09:22:38','2017-08-15 09:22:38'),(479,164,5,6,'2017-08-15 06:22:42','2017-08-15 09:22:42','2017-08-15 09:22:42'),(480,186,1,2,'2017-08-18 05:34:43','2017-08-18 08:34:43','2017-08-18 08:34:43'),(481,187,1,2,'2017-08-18 05:35:48','2017-08-18 08:35:48','2017-08-18 08:35:48'),(482,185,1,2,'2017-08-18 05:35:57','2017-08-18 08:35:57','2017-08-18 08:35:57'),(483,125,2,3,'2017-08-18 05:40:26','2017-08-18 08:40:26','2017-08-18 08:40:26'),(484,125,3,2,'2017-08-18 05:40:31','2017-08-18 08:40:30','2017-08-18 08:40:30'),(485,156,5,6,'2017-08-18 05:40:36','2017-08-18 08:40:36','2017-08-18 08:40:36'),(486,159,5,6,'2017-08-18 05:40:37','2017-08-18 08:40:37','2017-08-18 08:40:37'),(487,166,3,5,'2017-08-21 06:31:26','2017-08-21 09:31:25','2017-08-21 09:31:25'),(488,125,2,3,'2017-08-21 06:31:31','2017-08-21 09:31:31','2017-08-21 09:31:31'),(489,188,1,2,'2017-08-23 11:11:42','2017-08-23 14:11:42','2017-08-23 14:11:42'),(490,125,3,4,'2017-08-23 11:12:34','2017-08-23 14:12:34','2017-08-23 14:12:34'),(491,166,5,6,'2017-08-24 11:56:34','2017-08-24 14:56:34','2017-08-24 14:56:34'),(492,59,3,2,'2017-08-29 07:01:24','2017-08-29 10:01:24','2017-08-29 10:01:24'),(493,195,1,3,'2017-08-29 07:07:41','2017-08-29 10:07:41','2017-08-29 10:07:41'),(494,196,1,2,'2017-08-29 17:52:40','2017-08-29 20:52:40','2017-08-29 20:52:40'),(495,180,2,4,'2017-08-31 07:46:08','2017-08-31 10:46:08','2017-08-31 10:46:08'),(496,196,2,6,'2017-08-31 07:46:41','2017-08-31 10:46:41','2017-08-31 10:46:41'),(497,161,1,6,'2017-08-31 07:46:54','2017-08-31 10:46:54','2017-08-31 10:46:54'),(498,197,1,2,'2017-08-31 07:48:12','2017-08-31 10:48:12','2017-08-31 10:48:12'),(499,198,1,2,'2017-08-31 07:50:33','2017-08-31 10:50:33','2017-08-31 10:50:33'),(500,133,2,1,'2017-08-31 07:50:47','2017-08-31 10:50:47','2017-08-31 10:50:47'),(501,160,2,1,'2017-08-31 07:50:49','2017-08-31 10:50:49','2017-08-31 10:50:49'),(502,199,1,2,'2017-08-31 07:51:22','2017-08-31 10:51:21','2017-08-31 10:51:21'),(503,197,2,1,'2017-08-31 08:07:12','2017-08-31 11:07:11','2017-08-31 11:07:11'),(504,186,2,1,'2017-08-31 08:07:15','2017-08-31 11:07:15','2017-08-31 11:07:15'),(505,202,1,2,'2017-09-01 06:33:37','2017-09-01 09:33:37','2017-09-01 09:33:37'),(506,203,1,2,'2017-09-01 06:34:01','2017-09-01 09:34:01','2017-09-01 09:34:01'),(507,103,2,1,'2017-09-01 06:37:46','2017-09-01 09:37:46','2017-09-01 09:37:46'),(508,146,2,6,'2017-09-21 08:00:55','2017-09-21 11:00:55','2017-09-21 11:00:55'),(509,139,5,6,'2017-09-21 08:00:59','2017-09-21 11:00:58','2017-09-21 11:00:58'),(510,141,5,6,'2017-09-21 08:01:02','2017-09-21 11:01:02','2017-09-21 11:01:02'),(511,209,1,2,'2017-10-11 06:45:39','2017-10-11 09:45:38','2017-10-11 09:45:38'),(512,210,1,2,'2017-10-11 07:17:39','2017-10-11 10:17:38','2017-10-11 10:17:38'),(513,211,1,2,'2017-10-11 07:18:15','2017-10-11 10:18:14','2017-10-11 10:18:14'),(514,208,1,5,'2017-10-13 08:04:59','2017-10-13 11:04:58','2017-10-13 11:04:58'),(515,197,1,3,'2017-10-13 08:05:22','2017-10-13 11:05:21','2017-10-13 11:05:21'),(516,210,2,3,'2017-10-22 18:25:42','2017-10-22 20:25:43','2017-10-22 20:25:43'),(517,211,2,3,'2017-10-22 18:25:44','2017-10-22 20:25:44','2017-10-22 20:25:44'),(518,197,3,5,'2017-10-23 09:19:43','2017-10-23 11:19:43','2017-10-23 11:19:43'),(519,210,3,5,'2017-10-23 09:19:45','2017-10-23 11:19:45','2017-10-23 11:19:45'),(520,211,3,5,'2017-10-23 09:19:46','2017-10-23 11:19:46','2017-10-23 11:19:46'),(521,208,5,6,'2017-10-23 09:19:54','2017-10-23 11:19:54','2017-10-23 11:19:54'),(522,197,5,6,'2017-10-23 12:23:03','2017-10-23 14:23:03','2017-10-23 14:23:03'),(523,206,1,2,'2017-10-23 12:33:28','2017-10-23 14:33:28','2017-10-23 14:33:28'),(524,187,2,5,'2017-10-23 12:36:55','2017-10-23 14:36:55','2017-10-23 14:36:55'),(525,212,1,2,'2017-10-24 07:07:58','2017-10-24 09:07:58','2017-10-24 09:07:58'),(526,207,1,2,'2017-10-24 08:04:05','2017-10-24 10:04:05','2017-10-24 10:04:05'),(527,207,2,3,'2017-10-24 08:04:12','2017-10-24 10:04:12','2017-10-24 10:04:12'),(528,213,1,2,'2017-11-02 07:21:02','2017-11-02 09:21:02','2017-11-02 09:21:02'),(529,202,2,3,'2017-11-02 07:21:19','2017-11-02 09:21:19','2017-11-02 09:21:19'),(530,214,1,2,'2017-11-02 08:38:59','2017-11-02 10:38:59','2017-11-02 10:38:59'),(531,185,2,5,'2017-11-07 22:11:22','2017-11-08 00:11:22','2017-11-08 00:11:22'),(532,49,2,4,'2017-11-07 22:13:54','2017-11-08 00:13:54','2017-11-08 00:13:54'),(533,215,1,2,'2017-11-09 09:49:48','2017-11-09 11:49:48','2017-11-09 11:49:48'),(534,206,2,3,'2017-11-09 19:31:20','2017-11-09 21:31:20','2017-11-09 21:31:20'),(535,214,2,5,'2017-11-09 19:31:26','2017-11-09 21:31:26','2017-11-09 21:31:26'),(536,210,5,6,'2017-11-09 19:31:36','2017-11-09 21:31:36','2017-11-09 21:31:36'),(537,206,3,5,'2017-11-09 20:37:18','2017-11-09 22:37:18','2017-11-09 22:37:18'),(538,213,2,5,'2017-11-09 20:37:26','2017-11-09 22:37:26','2017-11-09 22:37:26'),(539,216,1,2,'2017-11-09 21:34:39','2017-11-09 23:34:39','2017-11-09 23:34:39'),(540,217,1,2,'2017-11-10 08:42:41','2017-11-10 10:42:41','2017-11-10 10:42:41'),(541,218,1,2,'2017-11-10 08:42:56','2017-11-10 10:42:56','2017-11-10 10:42:56'),(542,115,1,2,'2017-11-14 09:50:03','2017-11-14 11:50:03','2017-11-14 11:50:03'),(543,219,1,2,'2017-11-17 08:24:31','2017-11-17 10:24:31','2017-11-17 10:24:31'),(544,184,1,6,'2017-11-17 09:13:10','2017-11-17 11:13:10','2017-11-17 11:13:10'),(545,220,1,2,'2017-11-17 12:53:56','2017-11-17 14:53:56','2017-11-17 14:53:56'),(546,22,2,3,'2017-11-18 19:23:25','2017-11-18 21:23:25','2017-11-18 21:23:25'),(547,22,3,5,'2017-11-18 19:58:59','2017-11-18 21:58:59','2017-11-18 21:58:59'),(548,221,1,2,'2017-11-18 19:59:30','2017-11-18 21:59:30','2017-11-18 21:59:30'),(549,202,3,5,'2017-11-20 08:16:23','2017-11-20 10:16:23','2017-11-20 10:16:23'),(550,211,5,7,'2017-11-20 08:17:04','2017-11-20 10:17:04','2017-11-20 10:17:04'),(551,206,5,7,'2017-11-20 08:17:06','2017-11-20 10:17:06','2017-11-20 10:17:06'),(552,213,5,6,'2017-11-20 08:17:13','2017-11-20 10:17:13','2017-11-20 10:17:13'),(553,187,5,6,'2017-11-20 08:17:18','2017-11-20 10:17:18','2017-11-20 10:17:18'),(554,203,2,6,'2017-11-29 08:15:23','2017-11-29 10:15:23','2017-11-29 10:15:23'),(555,155,1,2,'2017-11-29 08:40:56','2017-11-29 10:40:56','2017-11-29 10:40:56'),(556,66,4,6,'2017-11-29 08:41:05','2017-11-29 10:41:05','2017-11-29 10:41:05'),(557,110,4,2,'2017-11-29 08:41:08','2017-11-29 10:41:08','2017-11-29 10:41:08'),(558,128,1,4,'2017-11-29 08:41:10','2017-11-29 10:41:10','2017-11-29 10:41:10'),(559,127,1,4,'2017-11-29 08:41:12','2017-11-29 10:41:12','2017-11-29 10:41:12'),(560,129,1,4,'2017-11-29 08:41:13','2017-11-29 10:41:13','2017-11-29 10:41:13'),(561,130,1,4,'2017-11-29 08:41:16','2017-11-29 10:41:16','2017-11-29 10:41:16'),(562,138,1,4,'2017-11-29 08:41:21','2017-11-29 10:41:21','2017-11-29 10:41:21'),(563,109,1,4,'2017-11-29 08:41:41','2017-11-29 10:41:41','2017-11-29 10:41:41'),(564,202,5,6,'2017-11-29 08:41:45','2017-11-29 10:41:45','2017-11-29 10:41:45'),(565,214,5,6,'2017-11-29 08:41:50','2017-11-29 10:41:50','2017-11-29 10:41:50'),(566,222,1,2,'2017-11-29 08:42:21','2017-11-29 10:42:21','2017-11-29 10:42:21'),(567,115,2,1,'2017-11-29 08:46:02','2017-11-29 10:46:02','2017-11-29 10:46:02'),(568,223,1,2,'2017-12-01 07:08:06','2017-12-01 09:08:06','2017-12-01 09:08:06'),(569,223,2,3,'2017-12-01 07:08:12','2017-12-01 09:08:12','2017-12-01 09:08:12'),(570,207,3,5,'2017-12-01 15:29:33','2017-12-01 17:29:33','2017-12-01 17:29:33'),(571,223,3,5,'2017-12-01 15:29:34','2017-12-01 17:29:34','2017-12-01 17:29:34'),(572,199,2,3,'2017-12-03 21:01:36','2017-12-03 23:01:36','2017-12-03 23:01:36'),(573,224,1,2,'2017-12-03 21:02:59','2017-12-03 23:02:59','2017-12-03 23:02:59'),(574,199,3,5,'2017-12-03 21:05:44','2017-12-03 23:05:44','2017-12-03 23:05:44'),(575,225,1,2,'2017-12-03 21:06:49','2017-12-03 23:06:49','2017-12-03 23:06:49'),(576,22,5,6,'2017-12-04 12:12:00','2017-12-04 14:12:00','2017-12-04 14:12:00'),(577,199,5,6,'2017-12-04 12:12:01','2017-12-04 14:12:01','2017-12-04 14:12:01'),(578,227,1,2,'2017-12-13 19:57:13','2017-12-13 21:57:13','2017-12-13 21:57:13'),(579,225,2,5,'2018-01-10 13:47:59','2018-01-10 15:47:59','2018-01-10 15:47:59'),(580,228,1,2,'2018-01-10 14:04:55','2018-01-10 16:04:55','2018-01-10 16:04:55'),(581,226,1,2,'2018-01-10 14:05:17','2018-01-10 16:05:17','2018-01-10 16:05:17'),(582,223,5,6,'2018-01-10 14:05:36','2018-01-10 16:05:36','2018-01-10 16:05:36'),(583,207,5,6,'2018-01-10 14:05:37','2018-01-10 16:05:37','2018-01-10 16:05:37'),(584,185,5,6,'2018-01-10 14:05:39','2018-01-10 16:05:39','2018-01-10 16:05:39'),(585,22,6,5,'2018-01-10 14:07:04','2018-01-10 16:07:04','2018-01-10 16:07:04'),(586,22,5,7,'2018-01-10 14:07:24','2018-01-10 16:07:24','2018-01-10 16:07:24'),(587,229,1,2,'2018-01-10 14:08:08','2018-01-10 16:08:08','2018-01-10 16:08:08'),(588,230,1,2,'2018-01-10 14:15:59','2018-01-10 16:15:59','2018-01-10 16:15:59'),(589,231,1,2,'2018-01-10 14:16:50','2018-01-10 16:16:50','2018-01-10 16:16:50'),(590,232,1,2,'2018-01-10 14:20:25','2018-01-10 16:20:25','2018-01-10 16:20:25'),(591,233,1,3,'2018-01-10 14:22:08','2018-01-10 16:22:08','2018-01-10 16:22:08'),(592,225,5,6,'2018-01-10 14:35:32','2018-01-10 16:35:32','2018-01-10 16:35:32'),(593,231,2,3,'2018-01-17 13:50:44','2018-01-17 15:50:44','2018-01-17 15:50:44'),(594,155,2,3,'2018-01-17 13:51:05','2018-01-17 15:51:05','2018-01-17 15:51:05'),(595,228,2,5,'2018-01-17 13:51:51','2018-01-17 15:51:51','2018-01-17 15:51:51'),(596,234,1,2,'2018-01-19 14:28:56','2018-01-19 16:28:56','2018-01-19 16:28:56'),(597,235,1,3,'2018-01-19 14:40:49','2018-01-19 16:40:49','2018-01-19 16:40:49'),(598,155,3,5,'2018-01-22 19:50:25','2018-01-22 21:50:25','2018-01-22 21:50:25'),(599,219,2,5,'2018-01-22 22:00:47','2018-01-23 00:00:47','2018-01-23 00:00:47'),(600,216,2,5,'2018-01-22 22:18:12','2018-01-23 00:18:12','2018-01-23 00:18:12'),(601,236,1,3,'2018-01-23 07:41:07','2018-01-23 09:41:07','2018-01-23 09:41:07'),(602,236,3,5,'2018-02-21 19:40:13','2018-02-21 22:40:13','2018-02-21 22:40:13'),(603,231,3,5,'2018-02-25 10:59:16','2018-02-25 13:59:16','2018-02-25 13:59:16'),(604,233,3,5,'2018-02-25 10:59:18','2018-02-25 13:59:18','2018-02-25 13:59:18'),(605,235,3,6,'2018-02-25 10:59:19','2018-02-25 13:59:19','2018-02-25 13:59:19'),(606,230,2,6,'2018-02-25 10:59:28','2018-02-25 13:59:28','2018-02-25 13:59:28'),(607,234,2,6,'2018-02-25 10:59:32','2018-02-25 13:59:32','2018-02-25 13:59:32'),(608,232,2,6,'2018-02-25 10:59:46','2018-02-25 13:59:46','2018-02-25 13:59:46'),(609,231,5,3,'2018-02-25 10:59:50','2018-02-25 13:59:50','2018-02-25 13:59:50'),(610,231,3,5,'2018-02-25 10:59:51','2018-02-25 13:59:51','2018-02-25 13:59:51'),(611,49,4,7,'2018-02-25 11:00:05','2018-02-25 14:00:05','2018-02-25 14:00:05'),(612,218,2,5,'2018-02-25 11:04:35','2018-02-25 14:04:35','2018-02-25 14:04:35'),(613,237,1,2,'2018-02-25 23:41:11','2018-02-26 02:41:11','2018-02-26 02:41:11'),(614,229,2,5,'2018-02-27 08:09:59','2018-02-27 11:09:59','2018-02-27 11:09:59'),(615,239,1,2,'2018-03-14 05:27:09','2018-03-14 08:27:09','2018-03-14 08:27:09'),(616,240,1,3,'2018-03-24 05:40:23','2018-03-24 08:40:23','2018-03-24 08:40:23'),(617,241,1,3,'2018-03-24 05:41:13','2018-03-24 08:41:13','2018-03-24 08:41:13'),(618,242,1,3,'2018-04-01 06:04:12','2018-04-01 09:04:12','2018-04-01 09:04:12'),(619,243,1,2,'2018-04-01 06:04:42','2018-04-01 09:04:42','2018-04-01 09:04:42'),(620,244,1,2,'2018-04-01 06:31:23','2018-04-01 09:31:23','2018-04-01 09:31:23'),(621,245,1,2,'2018-04-01 19:30:18','2018-04-01 22:30:18','2018-04-01 22:30:18'),(622,246,1,2,'2018-04-01 19:30:42','2018-04-01 22:30:42','2018-04-01 22:30:42'),(623,240,3,6,'2018-04-18 04:48:18','2018-04-18 07:48:18','2018-04-18 07:48:18'),(624,241,3,6,'2018-04-18 04:48:20','2018-04-18 07:48:20','2018-04-18 07:48:20'),(625,195,3,6,'2018-05-24 14:09:53','2018-05-24 17:09:53','2018-05-24 17:09:53'),(626,227,2,3,'2018-05-24 14:10:11','2018-05-24 17:10:11','2018-05-24 17:10:11');
UNLOCK TABLES;

DROP TABLE IF EXISTS `tasks`;
CREATE TABLE `tasks` (
  `id` int(11) unsigned NOT NULL AUTO_INCREMENT,
  `project_id` int(11) DEFAULT NULL,
  `parent_task_id` int(11) DEFAULT NULL,
  `work_id` int(11) DEFAULT NULL,
  `title` varchar(255) DEFAULT NULL,
  `text` text,
  `cost` float DEFAULT NULL,
  `status_id` int(11) DEFAULT NULL,
  `user_id` int(11) DEFAULT NULL,
  `creator_id` int(11) DEFAULT NULL,
  `created_at` TIMESTAMP NULL DEFAULT CURRENT_TIMESTAMP,
  `updated_at` TIMESTAMP NULL DEFAULT NULL ON UPDATE CURRENT_TIMESTAMP,
  PRIMARY KEY (`id`)
) ENGINE=InnoDB AUTO_INCREMENT=247 DEFAULT CHARSET=utf8;
LOCK TABLES `tasks` WRITE;
INSERT INTO `tasks` VALUES (1,1,NULL,NULL,'change task status','I should be able to change the status of a task somehow',NULL,7,NULL,NULL,'2016-07-30 12:19:07','2016-08-08 10:13:06'),(2,1,NULL,NULL,'Projects','Add Project to system',NULL,7,NULL,NULL,'2016-07-31 10:14:08','2016-08-15 12:30:31'),(3,1,NULL,NULL,'Status screen','Build a better status screen',NULL,7,NULL,NULL,'2016-07-31 10:14:30','2016-08-15 12:30:34'),(4,1,NULL,NULL,'BUG: modal fix ','Modal sometimes loads empty',NULL,7,NULL,NULL,'2016-07-31 10:14:42','2017-01-17 19:20:40'),(5,1,NULL,NULL,'remove alert','find a smart way to give alert messages than the `alert` function',NULL,7,NULL,NULL,'2016-07-31 10:15:32','2016-08-15 09:58:36'),(6,1,NULL,NULL,'Delete Task','Create Delete Task action',NULL,7,NULL,NULL,'2016-07-31 10:16:45','2016-08-15 09:58:39'),(8,1,NULL,NULL,'Move side menu to top bar','this way we\'re gonna have much more space to work on tasks\r\n\r\n- step 2: fix `:hover` status',NULL,7,NULL,NULL,'2016-08-03 09:57:24','2017-01-16 18:16:11'),(9,1,NULL,NULL,'auto hide modal','auto-hide modal after tasking add and updates whatever page he is (or isn\'t)',NULL,7,NULL,NULL,'2016-08-03 09:58:32','2016-08-15 09:58:38'),(10,1,NULL,NULL,'avoid empty tasks','do something for not being possible to include empty tasks',NULL,7,NULL,NULL,'2016-08-03 09:59:00','2016-08-15 09:58:40'),(11,1,NULL,NULL,'Create Favicon','Create a nice favicon',NULL,7,NULL,NULL,'2016-08-03 10:47:58','2016-08-15 09:59:02'),(12,1,NULL,NULL,'Create Logo','Create Logo for top bar',NULL,7,NULL,NULL,'2016-08-03 10:50:04','2017-01-16 18:16:11'),(13,1,NULL,NULL,'Task Card','Build a beautiful task card\r\n\r\n- task card should show only task title\r\n- when clicking on task edit or task view we can see more details\r\n- add a background color for when dragging...\r\n- fix left space when dragged',NULL,7,NULL,NULL,'2016-08-04 13:51:10','2016-08-15 09:58:42'),(14,1,NULL,NULL,'Admin protect','Limit admin area with password',NULL,7,NULL,NULL,'2016-08-04 13:51:30','2017-01-16 18:16:11'),(15,1,NULL,NULL,'database test','after changing database for tests, get back to the previous one',NULL,7,NULL,NULL,'2016-08-05 12:40:42','2017-08-15 09:22:51'),(16,1,NULL,NULL,'tests refactor','refactor tests to make everything work by its own',NULL,1,NULL,NULL,'2016-08-05 12:41:24','2016-08-09 10:01:03'),(17,1,NULL,NULL,'Drag and drop','Use drag and drop on Tasks Dashboard',NULL,7,NULL,NULL,'2016-08-08 10:16:00','2016-08-15 09:58:43'),(18,1,NULL,NULL,'Archived','Create an archived box for add done tasks',NULL,7,NULL,NULL,'2016-08-09 09:55:36','2017-01-16 18:16:11'),(19,1,NULL,NULL,'Work','Work with \"works\"',NULL,1,NULL,NULL,'2016-08-09 09:55:55','2016-08-09 09:55:55'),(20,1,NULL,NULL,'Priority','Create Priority level for tasks\r\n',NULL,1,NULL,NULL,'2016-08-09 09:56:30','2016-08-09 09:56:30'),(21,1,NULL,NULL,'History','View Status history from a task',NULL,1,NULL,NULL,'2016-08-09 09:57:07','2016-08-09 09:57:07'),(22,1,NULL,NULL,'Task page','create a task page with extra controls\r\n\r\n- move change (active?) project to this task page\r\n- show task history on it\r\n- show things like cost and add everything we can\r\n- the form of new task should be as simple as possible\r\n- include title in task box',NULL,7,NULL,NULL,'2016-08-09 09:58:26','2018-01-10 16:07:24'),(23,1,NULL,NULL,'simplify new task box','new task box should display only the title and the text...\r\n\r\n- remove changing status from this box \r\n- in the future, move project change to the task page',NULL,7,NULL,NULL,'2016-08-09 10:00:04','2016-08-15 09:58:46'),(24,1,NULL,NULL,'New Status','Status \"not applying\" should be created',NULL,1,NULL,NULL,'2016-08-09 10:01:37','2016-08-09 10:01:37'),(25,1,NULL,NULL,'New Task on each list','Add a button for adding new task on each list of dashboard',NULL,7,NULL,NULL,'2016-08-09 12:19:47','2017-01-16 18:16:11'),(26,1,NULL,NULL,'Lazy load on dashboard','Create lazy load for status that are not quite required all the time',NULL,7,NULL,NULL,'2016-08-09 12:20:19','2017-01-16 18:16:11'),(27,1,NULL,NULL,'markdown on task','markdown on text for each task\r\n\r\ncheck out: `https://github.com/erusev/parsedown`\r\n\r\n**done**',NULL,7,NULL,NULL,'2016-08-10 10:38:36','2017-01-16 18:16:11'),(28,1,NULL,NULL,'Project by Default on Add Task','When you add a task with a project selected, it gets automatically selected on the combobox',NULL,7,NULL,NULL,'2016-08-15 10:02:43','2017-01-16 18:16:11'),(29,3,NULL,NULL,'Responsive layout','',NULL,7,NULL,NULL,'2016-08-15 10:05:56','2017-01-17 08:52:00'),(30,3,NULL,NULL,'Database check','Check database for legacy apostas',NULL,7,NULL,NULL,'2016-08-15 10:06:13','2017-01-17 08:52:00'),(31,3,NULL,NULL,'Check DEV','Check if DEV system is working properly',NULL,7,NULL,NULL,'2016-08-15 10:06:35','2017-01-17 08:52:00'),(32,3,NULL,NULL,'fix image','fix \"my list\" sharing image',NULL,7,NULL,NULL,'2016-08-15 10:07:04','2017-01-17 08:52:00'),(33,3,NULL,NULL,'Send e-mail on signing in','Send e-mail with user\'s list when he signs in',NULL,7,NULL,NULL,'2016-08-15 10:07:27','2017-01-17 08:52:00'),(34,3,NULL,NULL,'about refactor','refactor about page to include \"MagratheaPHP\" logo\r\n\r\n- change technology link to magrathea.platypusweb.com.br\r\n- add version used',NULL,7,NULL,NULL,'2016-08-15 10:07:50','2017-01-17 08:52:00'),(35,3,NULL,NULL,'admin refactor','Refactor admin:\r\n- make `current year` as default on adding new presunto\r\n- fixing css color on not valid lists',NULL,7,NULL,NULL,'2016-08-15 10:08:49','2017-01-17 08:52:00'),(36,2,NULL,NULL,'FIX plugins','change of idea: plugins won\'t move.\r\ninstallation file will move plugins configs into configs folder\r\n\r\n- create installation process for plugins',NULL,7,NULL,NULL,'2016-08-15 10:09:24','2017-01-17 19:19:39'),(37,2,NULL,NULL,'sub repository','use subrepositories for plugins',NULL,7,NULL,NULL,'2016-08-15 10:09:39','2017-01-17 08:51:41'),(38,5,NULL,NULL,'Berlin - capitulo 3','',NULL,7,NULL,NULL,'2016-08-15 10:17:33','2017-01-17 08:54:40'),(39,5,NULL,NULL,'enviar livro Leo','Autografar e enviar livro pro Leo',NULL,7,NULL,NULL,'2016-08-15 10:17:53','2017-01-17 08:54:40'),(40,1,NULL,NULL,'show project on card','in case all tasks are being showed (and only on this case!), display it project on the card as well',NULL,7,NULL,NULL,'2016-08-15 10:18:49','2017-01-16 18:16:11'),(41,1,NULL,NULL,'Archive All','`Archive all` button on done',NULL,7,NULL,NULL,'2016-08-15 10:19:23','2017-08-15 09:22:51'),(42,1,NULL,NULL,'put Oceania logo on start page','somehow add the oceania logo on the start page and on the home',NULL,7,NULL,NULL,'2016-08-15 10:49:38','2017-08-15 09:22:51'),(43,3,NULL,NULL,'local environment','confirm local environment is good and up! =)',NULL,7,NULL,NULL,'2016-08-15 10:51:56','2017-01-17 08:52:00'),(44,1,NULL,NULL,'remove name title from projects list','yeah... that\'s it',NULL,7,NULL,NULL,'2016-08-15 10:57:54','2017-01-16 18:16:11'),(45,6,NULL,NULL,'bürgermeister documents','Find documents to take to portugal ambassy',NULL,7,NULL,NULL,'2016-08-15 10:59:37','2017-04-18 09:47:42'),(46,6,NULL,NULL,'get rid of may\'s clothes','get rid of clothes and shoes',NULL,7,NULL,NULL,'2016-08-15 10:59:56','2017-04-18 09:47:42'),(47,6,NULL,NULL,'renovar BI','renovar BI português...',NULL,7,NULL,NULL,'2016-08-15 11:00:19','2017-04-18 09:47:42'),(48,5,NULL,NULL,'Livros Page on Blog','Fix pages for Cobaia Humana on blog',NULL,7,NULL,NULL,'2016-08-15 11:16:47','2017-01-17 08:54:40'),(49,5,NULL,NULL,'texto sobre zonas disputadas','escrever texto sobre territórios em disputa',NULL,7,NULL,NULL,'2016-08-15 11:17:22','2018-02-25 14:00:05'),(50,5,NULL,NULL,'Berlin - capítulo 4','Fugas',NULL,7,NULL,NULL,'2016-08-15 11:18:00','2018-01-10 16:06:21'),(52,5,NULL,NULL,'Berlin - capítulo 6','A queda do muro',NULL,7,NULL,NULL,'2016-08-15 11:18:52','2018-01-10 16:06:21'),(53,5,NULL,NULL,'Berlin - capítulo 7','Percorrendo o muro',NULL,7,NULL,NULL,'2016-08-15 11:19:06','2018-01-10 16:06:21'),(54,5,NULL,NULL,'Kilimanjaro','Escrever sobre o Kilimanjaro',NULL,1,NULL,NULL,'2016-08-15 11:19:29','2016-08-15 11:19:29'),(55,5,NULL,NULL,'Zanzibar','Escrever sobre Zanzibar',NULL,1,NULL,NULL,'2016-08-15 11:19:41','2016-08-15 11:19:41'),(56,2,NULL,NULL,'Migrations','create migrations for databases',NULL,1,NULL,NULL,'2016-08-15 11:20:03','2016-10-11 11:05:45'),(57,9,NULL,NULL,'Atualizar horário de funcionamento','- atualizar imagem no carrossel\r\n- atualizar horário de funcionamento no site',NULL,7,NULL,NULL,'2016-08-15 15:30:29','2017-02-08 00:35:45'),(58,9,NULL,NULL,'carrossel manager','criar admin para o carrossel',NULL,1,NULL,NULL,'2016-08-15 15:30:47','2016-08-15 15:30:47'),(59,10,NULL,NULL,'Responsive website','deixar o site da botecaria com um layout legal para mobile',NULL,2,NULL,NULL,'2016-08-15 15:31:11','2017-08-29 10:01:24'),(60,1,NULL,NULL,'Home Dashboard','create a Home Dashboard',NULL,1,NULL,NULL,'2016-08-15 16:45:38','2016-08-15 16:45:38'),(61,1,NULL,NULL,'Projects on easy load','Make something to save projects in memory and don\'t have to load them all the time',NULL,1,NULL,NULL,'2016-08-15 21:33:29','2016-08-15 21:33:29'),(62,3,NULL,NULL,'update Magrathea','use Magrathea 1.3',NULL,7,NULL,NULL,'2016-08-16 09:50:20','2017-01-17 08:52:00'),(63,2,NULL,NULL,'Release v 1.3','Release Magratha v 1.3 and update documentation',NULL,7,NULL,NULL,'2016-08-16 09:50:48','2017-01-17 08:51:41'),(64,2,NULL,NULL,'show documentation version','change documentation to show a different one for each version\r\n(on the home page)',NULL,4,NULL,NULL,'2016-08-16 09:51:33','2016-09-29 18:54:50'),(65,6,NULL,NULL,'BVG account','change BVG bank account (@ Alexanderplatz)',NULL,7,NULL,NULL,'2016-08-16 09:57:02','2016-09-02 13:57:32'),(66,3,NULL,NULL,'Limitar apostas','Limitar presuntos para pontuação aos do ano corrente',NULL,6,NULL,NULL,'2016-08-16 12:38:53','2017-11-29 10:41:05'),(67,1,NULL,NULL,'Waiting Status','- Rename: on-hold to waiting\r\n- Put homolog and waiting in the same column\r\n- resize board:\r\n`2 - 3 - 3 - 2 - 2`',NULL,7,NULL,NULL,'2016-08-16 13:27:52','2017-01-16 18:16:11'),(68,3,NULL,NULL,'Fix facebook frame on home','Quadro na home do Facebook sumiu misteriosamente',NULL,7,NULL,NULL,'2016-08-16 15:32:25','2017-01-17 08:52:00'),(69,3,NULL,NULL,'Facebook og:image','fix og:image from facebook',NULL,7,NULL,NULL,'2016-08-16 15:32:41','2016-11-26 12:04:43'),(70,5,NULL,NULL,'Livros Section','Special header for \"Livros\" section\r\nSpecial header for \"Cobaia Humana\"',NULL,7,NULL,NULL,'2016-08-17 13:19:15','2017-01-17 08:54:40'),(71,2,NULL,NULL,'Magrathea Login Controller','rename `LoginController` to `MagratheaLoginController` on the system that adds login page to the Magrathea Admin',NULL,7,NULL,NULL,'2016-08-17 16:47:59','2017-01-17 08:51:41'),(72,6,NULL,NULL,'Comprar bike pro Maurola','https://www.matrabike.nl/product/2696/ideal-n-ergetic\r\n\r\ncomprar na sexta-feira',NULL,7,NULL,NULL,'2016-08-17 17:22:20','2017-04-18 09:47:42'),(73,9,NULL,NULL,'Trip Advisor','Trip Advisor Widget',NULL,7,NULL,NULL,'2016-08-20 18:13:27','2017-02-08 00:35:45'),(74,5,NULL,NULL,'nRT - olympic','Texto sobre olimpíadas',NULL,7,NULL,NULL,'2016-08-22 09:12:10','2017-01-17 08:54:40'),(75,1,NULL,NULL,'Tags','Create Tags system',NULL,1,NULL,NULL,'2016-08-22 09:23:10','2016-08-22 09:23:10'),(76,1,NULL,NULL,'Process for each project','Create detailed WIP process for some projects',NULL,1,NULL,NULL,'2016-08-22 09:23:54','2016-08-22 09:23:54'),(77,3,NULL,NULL,'Contato','Adicionar e-mail no contato',NULL,7,NULL,NULL,'2016-08-23 14:19:58','2017-01-17 08:52:00'),(78,2,NULL,NULL,'Get Version Function','',NULL,7,NULL,NULL,'2016-08-24 10:20:01','2017-01-17 19:19:39'),(79,2,NULL,NULL,'changelog.md','Move changelog to a different MD file',NULL,7,NULL,NULL,'2016-08-24 10:29:59','2017-01-17 08:51:41'),(80,2,NULL,NULL,'Sample Project','Direct Magrathea Sample Project to Oceania',NULL,1,NULL,NULL,'2016-08-24 10:55:36','2017-04-18 09:03:34'),(81,5,NULL,NULL,'nRT - prepare text for blog','put text on blog',NULL,7,NULL,NULL,'2016-09-03 23:56:26','2017-01-17 08:54:40'),(82,5,NULL,NULL,'Header','Fix blog header\r\n',NULL,1,NULL,NULL,'2016-09-11 06:28:05','2016-09-11 06:28:05'),(83,3,NULL,NULL,'rename','Rename `últimas notícias` para `notícias`',NULL,7,NULL,NULL,'2016-09-22 15:02:46','2017-01-17 08:52:00'),(84,5,NULL,NULL,'Berlin - capítulo 5','\"A queda do muro\"',NULL,7,NULL,NULL,'2016-09-22 15:03:03','2018-01-10 16:06:21'),(85,9,NULL,NULL,'hreflang','adicionar href lang no index',NULL,4,NULL,NULL,'2016-09-26 08:49:34','2016-10-23 00:10:30'),(86,9,NULL,NULL,'compression','fix compression issues',NULL,2,NULL,NULL,'2016-09-26 08:50:57','2016-09-26 08:50:57'),(87,9,NULL,NULL,'robots.txt','add robots.txt\r\n\r\nhttp://www.robotstxt.org/robotstxt.html',NULL,7,NULL,NULL,'2016-09-26 08:54:45','2017-02-08 00:35:45'),(88,9,NULL,NULL,'sitemap','http://retrostationrestaurant.com/sitemap.xml',NULL,4,NULL,NULL,'2016-09-26 08:55:36','2017-02-08 00:35:32'),(89,9,NULL,NULL,'avoid displaying errors','remove error displaying',NULL,7,NULL,NULL,'2016-09-26 08:56:12','2017-02-08 00:35:45'),(90,6,NULL,NULL,'Chaveirinho Camila','enviar chaveirinho para Camila',NULL,7,NULL,NULL,'2016-09-26 09:02:01','2017-04-18 09:47:42'),(91,6,NULL,NULL,'BI','ir buscar BI',NULL,7,NULL,NULL,'2016-09-26 09:02:09','2017-04-18 09:47:42'),(92,1,NULL,NULL,'angular','user angular instead of jquery',NULL,1,NULL,NULL,'2016-09-29 10:03:57','2016-10-11 10:59:18'),(93,2,NULL,NULL,'Plugins config','fix config location for plugins',NULL,7,NULL,NULL,'2016-09-29 17:53:31','2017-01-17 08:51:41'),(94,6,NULL,NULL,'Elon Musk book','https://www.amazon.com/The-Elon-Musk-Blog-Series-ebook/dp/B01CF5FY4E/ref=as_li_ss_tl?ie=UTF8&linkCode=sl1&tag=wabuwh00-20&linkId=0457346a1432dccc7d64fc94c2b220ba',NULL,6,NULL,NULL,'2016-09-29 22:19:14','2017-06-08 11:06:18'),(95,6,NULL,NULL,'bias book','https://www.amazon.com/dp/B010O1Z018',NULL,1,NULL,NULL,'2016-09-30 08:09:10','2016-10-11 10:59:11'),(96,2,NULL,NULL,'fix Magrathea Images2','fix config file\r\n\r\n`Magrathea/plugins/MagratheaImages2/Model/MagratheaImage.php`\r\n`Magrathea/plugins/MagratheaImages2/Control/global.php`',NULL,7,NULL,NULL,'2016-09-30 08:43:12','2017-01-17 08:51:41'),(97,5,NULL,NULL,'contact spaceX','why not?',NULL,7,NULL,NULL,'2016-10-04 22:03:03','2018-01-10 16:06:21'),(98,3,NULL,NULL,'delete e-mails test','',NULL,7,NULL,NULL,'2016-10-05 03:36:39','2017-01-17 08:52:00'),(99,3,NULL,NULL,'Test suite','- contato\r\n- adicionar lista\r\n- apagar lista adicionada',NULL,7,NULL,NULL,'2016-10-05 03:37:04','2017-01-17 19:18:18'),(100,6,NULL,NULL,'close Sparkasse account','',NULL,7,NULL,NULL,'2016-10-11 11:05:18','2017-04-18 09:47:42'),(101,9,NULL,NULL,'remove partners','',NULL,7,NULL,NULL,'2016-10-11 17:00:46','2017-02-08 00:35:45'),(102,3,NULL,NULL,'share on facebook','`share_on_facebook` is not defined',NULL,7,NULL,NULL,'2016-11-22 19:23:47','2017-01-17 08:52:00'),(103,3,NULL,NULL,'og image','build an image at least `600px` large for facebook sharing\r\n\r\n```\r\nThe URL of an image which is used in stories published about this object. We suggest that you give us an image of at least 600×315 pixels. However, bigger is better, so if you have a 1200×630 or larger image that you can use, please give it to us. Also, we recommend that you keep images as close to a 1.91:1 aspect ratio as possible to avoid cropping.\r\n```',NULL,1,NULL,NULL,'2016-11-26 12:04:24','2017-09-01 09:37:46'),(104,6,NULL,NULL,'responder email','responder email da italiana da casa',NULL,7,NULL,NULL,'2016-11-26 19:09:00','2016-11-30 10:50:42'),(105,3,NULL,NULL,'red ball on fresh deaths','When we have some fresh body, the `updated-at` is updated and a red ball appears on the user\'s list.\r\n\r\nWe should display a different color of ball if the user got points from that presunto',NULL,7,NULL,NULL,'2016-11-28 17:29:58','2017-01-17 08:52:00'),(106,1,NULL,NULL,'Projects [active]','Activate/deactivate project\r\n\r\n```\r\nALTER TABLE `projects`\r\nADD `active` bool DEFAULT 0\r\nAFTER `image`;\r\n```',NULL,7,NULL,NULL,'2016-11-30 02:05:14','2017-01-16 18:16:11'),(107,3,NULL,NULL,'Gratuidade','Adicionar gratuidade do bolão no regulamento',NULL,7,NULL,NULL,'2016-11-30 11:28:34','2017-01-17 08:52:00'),(108,9,NULL,NULL,'endereço','trocar endereço `Orlando` -> `Kissimmee`',NULL,7,NULL,NULL,'2016-11-30 20:21:48','2017-02-08 00:35:45'),(109,3,NULL,NULL,'analytics','criar API de pesquisa em anos anteriores',NULL,4,NULL,NULL,'2016-12-13 00:16:11','2017-11-29 10:41:41'),(110,3,NULL,NULL,'Captcha','Re-Captcha',NULL,2,NULL,NULL,'2016-12-13 00:17:08','2017-11-29 10:41:08'),(111,6,NULL,NULL,'Arrumar o quarto','',NULL,7,NULL,NULL,'2016-12-15 13:43:07','2017-04-18 09:47:42'),(112,1,NULL,NULL,'New task','show form when adding new task',NULL,7,NULL,NULL,'2016-12-23 12:29:54','2017-08-15 09:22:51'),(113,1,NULL,NULL,'Update Preview','When editing a task, update markdown preview',NULL,7,NULL,NULL,'2016-12-23 12:30:18','2017-08-15 09:22:51'),(114,2,NULL,NULL,'Archive SQL','Create structure to create tables and archive SQL rows',NULL,7,NULL,NULL,'2016-12-28 12:13:12','2017-01-17 19:19:39'),(115,3,NULL,NULL,'Ver apostas antigas','Ver apostas de anos anteriores',NULL,1,NULL,NULL,'2016-12-28 13:28:15','2017-11-29 10:46:02'),(116,3,NULL,NULL,'Obituario em ordem','Organizar obituário do ano em ordem ascendente de morte',NULL,7,NULL,NULL,'2016-12-30 12:55:41','2017-01-17 08:52:00'),(117,3,NULL,NULL,'API for testing','build simple API for getting and deleting test lists',NULL,7,NULL,NULL,'2017-01-03 12:08:32','2017-01-17 19:18:18'),(118,2,NULL,NULL,'changes on publish page','add\r\n\r\n- number of generated HTMLs\r\n- date where they were generated\r\n\r\n\r\n#### invalid:\r\ncurrent functions just take the file names.\r\nwe would have to check each file individually.\r\ntoo much work for few gain -> invalid\r\n',NULL,7,NULL,NULL,'2017-01-04 15:58:39','2017-06-08 11:18:44'),(119,3,NULL,NULL,'Own mail server','Build own mail server for Bolão Pé na Cova',NULL,1,NULL,NULL,'2017-01-06 13:49:18','2017-01-06 13:49:18'),(120,2,NULL,NULL,'Show All to work with any object','Make `ShowAll` function from `MagratheaModelControl` to work with any array of object',NULL,1,NULL,NULL,'2017-01-06 15:44:21','2017-04-18 09:03:35'),(121,2,NULL,NULL,'Run should execute any Object','function `Run` inside `MagratheaModelControl` should work with queries and `MagratheaQuery`s, at the same time (or so)',NULL,1,NULL,NULL,'2017-01-06 15:45:16','2017-04-18 09:03:38'),(122,1,NULL,NULL,'Delete tasks','update page when task is deleted',NULL,1,NULL,NULL,'2017-01-09 10:59:49','2017-06-08 11:12:16'),(123,3,NULL,NULL,'Ranking 2016','Create ranking for 2016',NULL,7,NULL,NULL,'2017-01-09 16:43:14','2017-01-17 08:52:00'),(124,3,NULL,NULL,'Noticias Vencedor','Update winner news',NULL,7,NULL,NULL,'2017-01-09 16:43:33','2017-01-17 08:52:00'),(125,2,NULL,NULL,'protect rm','protect all `rm` exec codes around `Magrathea`',NULL,4,NULL,NULL,'2017-01-12 12:09:43','2017-08-23 14:12:34'),(126,2,NULL,NULL,'database backups','create easy database backup system',NULL,7,NULL,NULL,'2017-01-12 12:11:38','2017-01-17 19:19:39'),(127,3,NULL,NULL,'API - searchApostas','',NULL,4,NULL,NULL,'2017-01-14 14:04:50','2017-11-29 10:41:12'),(128,3,NULL,NULL,'API - searchApostasAno','',NULL,4,NULL,NULL,'2017-01-14 14:05:04','2017-11-29 10:41:10'),(129,3,NULL,NULL,'API - getUltimosPresuntos','',NULL,4,NULL,NULL,'2017-01-14 14:05:16','2017-11-29 10:41:13'),(130,3,NULL,NULL,'API - getPresuntosAno','',NULL,4,NULL,NULL,'2017-01-14 14:05:34','2017-11-29 10:41:16'),(131,3,NULL,NULL,'Termos e Privacidade','escrever termos e política de privacidade para o bolão',NULL,6,NULL,NULL,'2017-01-17 19:19:01','2017-02-08 12:52:12'),(132,9,NULL,NULL,'yelp','adicionar widget do yelp',NULL,6,NULL,NULL,'2017-01-27 00:04:07','2017-02-08 12:52:14'),(133,1,NULL,NULL,'API','api for tasks',NULL,1,NULL,NULL,'2017-01-29 02:09:23','2017-08-31 10:50:47'),(134,3,NULL,NULL,'Presunto Card','Create presunto card for facebook',NULL,1,NULL,NULL,'2017-02-07 11:26:05','2017-04-19 12:05:57'),(136,3,NULL,NULL,'control origins','add origin $_GET\r\n\r\nlog origin in a file with timestamp and origin\r\n\r\n```\r\nif (strstr($_SERVER[\'HTTP_REFERER\'], \'facebook.com\') !== false) {\r\n    // Facebook brought me to this page.\r\n}\r\n\r\nelseif (strstr($_SERVER[\'HTTP_REFERER\'], \'google.com\') !== false ) {\r\n    // Google brought me to this page.\r\n}\r\n```',NULL,6,NULL,NULL,'2017-02-07 11:46:36','2017-02-15 11:45:03'),(137,3,NULL,NULL,'origin referrer','Add origin referrer as well (from facebook, for example)\r\n\r\n```\r\nif (strstr($_SERVER[\'HTTP_REFERER\'], \'facebook.com\') !== false) {\r\n    // Facebook brought me to this page.\r\n}\r\n\r\nelseif (strstr($_SERVER[\'HTTP_REFERER\'], \'google.com\') !== false ) {\r\n    // Google brought me to this page.\r\n}\r\n```',NULL,1,NULL,NULL,'2017-02-15 11:46:23','2017-04-19 12:05:56'),(138,3,NULL,NULL,'Get Presunto','get and deal with `presunto=` on query string\r\n\r\non `EnviarLista`, should fill up one field automatically\r\non `origin`, should save it as well',NULL,4,NULL,NULL,'2017-02-15 11:48:00','2017-11-29 10:41:21'),(139,10,NULL,NULL,'update Magrathea','V.1.3.0',NULL,6,NULL,NULL,'2017-03-15 13:45:57','2017-09-21 11:00:59'),(140,10,NULL,NULL,'Update Image Uploader','install new Magrathea Image Uploader',NULL,5,NULL,NULL,'2017-03-15 13:46:31','2017-04-14 17:51:14'),(141,10,NULL,NULL,'environment','prepare and update environments',NULL,6,NULL,NULL,'2017-03-15 13:46:46','2017-09-21 11:01:02'),(142,10,NULL,NULL,'New Boolean for beers','Add `chope` boolean for all beers',NULL,5,NULL,NULL,'2017-03-15 13:47:28','2017-04-18 09:02:26'),(143,10,NULL,NULL,'New Beer details','Envase, \r\nEstilo, \r\nTeor Alcóolico\r\n\r\n+ optional:\r\nColoração,\r\nAmargor',NULL,5,NULL,NULL,'2017-03-15 13:50:55','2017-05-06 22:52:02'),(144,10,NULL,NULL,'Main Carroussel','Make the home carroussel editable',NULL,4,NULL,NULL,'2017-03-15 14:17:39','2017-05-06 22:52:11'),(145,10,NULL,NULL,'Contact Page','Create contact page',NULL,2,NULL,NULL,'2017-03-15 14:28:06','2017-03-15 14:28:06'),(146,10,NULL,NULL,'Magrathea Contacts for Botecaria','implement contact on Botecaria user',NULL,6,NULL,NULL,'2017-03-15 14:28:29','2017-09-21 11:00:55'),(147,10,NULL,NULL,'Menus Update','Update menu structure',NULL,5,NULL,NULL,'2017-03-15 14:28:42','2017-05-06 22:52:28'),(148,10,NULL,NULL,'Cervejarias Page','improve cervejarias page to display all beers',NULL,5,NULL,NULL,'2017-03-15 14:28:58','2017-05-06 22:52:06'),(149,10,NULL,NULL,'admin refactor','Improve admin',NULL,5,NULL,NULL,'2017-03-15 14:29:10','2017-06-08 11:06:26'),(150,10,NULL,NULL,'Produtos Page','Filter by style\r\nFilter by chope',NULL,5,NULL,NULL,'2017-03-15 14:32:42','2017-05-06 22:52:07'),(151,2,NULL,NULL,'SCSS compiler','create an amazing SCSS compiler',NULL,7,NULL,NULL,'2017-04-08 00:33:24','2017-08-31 10:48:53'),(152,2,NULL,NULL,'Debug objects','Magrathea Debugger working nice with objects',NULL,7,NULL,NULL,'2017-04-08 00:34:08','2017-08-31 10:48:53'),(153,2,NULL,NULL,'minify html','function to minify html into `$smarty`',NULL,7,NULL,NULL,'2017-04-14 17:50:07','2017-08-31 10:48:53'),(154,2,NULL,NULL,'magrathea.conf','update start.sh script to work with booleans',NULL,7,NULL,NULL,'2017-04-18 11:22:50','2017-08-31 10:48:53'),(155,3,NULL,NULL,'add spaces ranking 2014','http://bolaopenacova.com/Bolao/Ranking/2014\r\n\r\nspaces between presunto and pontuação',NULL,5,NULL,NULL,'2017-04-19 12:05:43','2018-01-22 21:50:25'),(156,2,NULL,NULL,'remove Magrathea path from conf','We don\'t need to set Magrathea Path in two different places, lets be honest.\r\nSo we should use only the `$MagratheaPath` from `config.php` and completely remove it from `magrathea.conf`',NULL,7,NULL,NULL,'2017-04-25 12:36:25','2017-08-31 10:48:53'),(157,2,NULL,NULL,'fix warning on controller','fix:\r\n`\r\nWarning: fwrite() expects parameter 1 to be resource, boolean given in /home/ormeni/Magrathea/v.1.4.0/MagratheaController.php on line 138`',NULL,7,NULL,NULL,'2017-04-25 14:06:31','2017-08-31 10:48:53'),(158,2,NULL,NULL,'throw error when no compressed folder','throw error if `_compressed` folder is not on `css/` or `javascript/`',NULL,2,NULL,NULL,'2017-05-04 12:14:07','2017-05-04 12:14:07'),(159,2,NULL,NULL,'boolean config','set true/false switch on configuration attributes inside `MagratheaAdmin`',NULL,7,NULL,NULL,'2017-05-09 13:43:01','2017-08-31 10:48:53'),(160,1,NULL,NULL,'bulk add task','Add multiple tasks at once',NULL,1,NULL,NULL,'2017-06-08 11:10:42','2017-08-31 10:50:49'),(161,11,NULL,NULL,'Admin for seeders','',NULL,7,NULL,NULL,'2017-06-08 11:13:56','2017-10-13 11:05:35'),(162,11,NULL,NULL,'Create followers farm','',NULL,7,NULL,NULL,'2017-06-08 11:14:05','2017-08-31 10:46:10'),(163,11,NULL,NULL,'Create Retweet Search Tools','(looking for some terms and retweeting random people)',NULL,1,NULL,NULL,'2017-06-08 11:14:40','2017-07-26 10:42:22'),(164,1,NULL,NULL,'Projects Page','Create Projects page',NULL,7,NULL,NULL,'2017-07-08 16:19:20','2017-08-15 09:22:51'),(165,1,NULL,NULL,'Show only project\'s task on project page','We\'re currently showing tasks from all projects',NULL,7,NULL,NULL,'2017-07-10 11:15:17','2017-08-15 09:22:51'),(166,2,NULL,NULL,'mkdir on required folders','in order to remove `chmod 777` in plugins, logs and so...',NULL,7,NULL,NULL,'2017-07-10 11:18:09','2017-08-31 10:48:53'),(167,9,NULL,NULL,'add back carroussel','put carroussel back on the home',NULL,1,NULL,NULL,'2017-07-10 11:20:24','2017-07-10 11:20:24'),(168,9,NULL,NULL,'carroussel editor','add image editor for carroussel',NULL,1,NULL,NULL,'2017-07-10 11:20:41','2017-07-10 11:20:41'),(169,9,NULL,NULL,'Carroussel','Put carroussel back',NULL,2,NULL,NULL,'2017-07-11 16:08:46','2017-07-11 16:08:47'),(170,11,NULL,NULL,'Sleeper for posting','Only runs after a certain time, in order to avoid exact time posts',NULL,7,NULL,NULL,'2017-07-26 10:42:56','2017-08-31 10:46:10'),(171,1,NULL,NULL,'Add Task Button not working','Only working when clicking on the status box',NULL,7,NULL,NULL,'2017-07-26 10:45:17','2017-08-15 09:22:51'),(172,11,NULL,NULL,'Randomly get thinkers','Get random thinkers',NULL,7,NULL,NULL,'2017-07-26 10:45:48','2017-08-31 10:46:10'),(173,11,NULL,NULL,'Auto inativate popular thinkers','',NULL,1,NULL,NULL,'2017-07-26 10:46:02','2017-08-09 10:00:24'),(174,11,NULL,NULL,'Get old tweets as well','Don\'t rely only on news...',NULL,7,NULL,NULL,'2017-07-26 10:48:34','2017-08-31 10:46:10'),(175,11,NULL,NULL,'Translate','English tweeeeets!',NULL,1,NULL,NULL,'2017-07-26 10:48:55','2017-07-26 10:48:55'),(176,11,NULL,NULL,'update old tweets','update with RTs and Likes',NULL,1,NULL,NULL,'2017-07-26 10:49:27','2017-07-26 10:49:27'),(177,11,NULL,NULL,'Unfollow Followers Farm','We already got them. Let\'s loose them now',NULL,7,NULL,NULL,'2017-07-26 10:49:57','2017-08-31 10:46:10'),(178,11,NULL,NULL,'forbidden words','Palavras proibidas:\r\n\r\n```\r\nhoje, amanhã, BBB, MasterChef\r\n```',NULL,1,NULL,NULL,'2017-07-27 14:43:25','2017-08-09 10:00:29'),(179,11,NULL,NULL,'Block some arrobas','Avoid getting tweets from a bunch of users:\r\n\r\n```\r\npoliciasurpresa\r\n```',NULL,1,NULL,NULL,'2017-07-28 07:50:47','2017-08-09 10:00:30'),(180,11,NULL,NULL,'delete tweet','create function to delete tweet',NULL,4,NULL,NULL,'2017-07-31 14:12:02','2017-08-31 10:46:08'),(181,11,NULL,NULL,'tweet list','show tweet database',NULL,2,NULL,NULL,'2017-07-31 14:12:18','2017-07-31 14:12:18'),(182,11,NULL,NULL,'tweet log','fix tweet log (for a better log)',NULL,7,NULL,NULL,'2017-07-31 14:12:36','2017-08-31 10:46:10'),(183,11,NULL,NULL,'all caps','if a twitter is all caps, capitalize it',NULL,7,NULL,NULL,'2017-08-05 23:05:33','2017-08-31 10:46:10'),(184,12,NULL,NULL,'Translate Ensaio sobre a verdade','',NULL,6,NULL,NULL,'2017-08-11 09:48:55','2017-11-17 11:13:10'),(185,12,NULL,NULL,'pitch ensaio sobre a verdade','The Guardian\r\nTelegraph\r\nBBC',NULL,6,NULL,NULL,'2017-08-11 09:49:53','2018-01-10 16:05:39'),(186,11,NULL,NULL,'Action List','Gives back action in a list of percentage like:\r\n\r\n```\r\n[ \'50\' => \'kibe\', \'20\' => \'farm\', \'30\' => \'unfollow\', \'0\' => \'history\' ]\r\n```\r\n\r\n, where `0` is the default action',NULL,1,NULL,NULL,'2017-08-18 08:34:43','2017-08-31 11:07:15'),(187,11,NULL,NULL,'auto-history tools','define some special words to be searched for and build historical tweets out of them...',NULL,6,NULL,NULL,'2017-08-18 08:35:48','2017-11-20 10:17:18'),(188,11,NULL,NULL,'links on thinkers','add links to thinkers profiles on thinkers page',NULL,2,NULL,NULL,'2017-08-23 14:11:42','2017-08-23 14:11:42'),(189,11,NULL,NULL,'thinkers rate','add on thinkers page:\r\n\r\n- author followers',NULL,1,NULL,NULL,'2017-08-23 14:12:11','2017-08-23 14:12:11'),(190,10,NULL,NULL,'Compress CSS for website','',NULL,1,NULL,NULL,'2017-08-29 10:01:57','2017-08-29 10:01:57'),(191,10,NULL,NULL,'compress JS for website','',NULL,1,NULL,NULL,'2017-08-29 10:02:06','2017-08-29 10:02:06'),(192,10,NULL,NULL,'optimize images for website','',NULL,1,NULL,NULL,'2017-08-29 10:04:14','2017-08-29 10:04:14'),(193,10,NULL,NULL,'alt on images','',NULL,1,NULL,NULL,'2017-08-29 10:06:58','2017-08-29 10:06:59'),(194,10,NULL,NULL,'implement HTTPS','',NULL,1,NULL,NULL,'2017-08-29 10:07:12','2017-08-29 10:07:12'),(195,5,NULL,NULL,'God save the queen','',NULL,6,NULL,NULL,'2017-08-29 10:07:41','2018-05-24 17:09:53'),(196,11,NULL,NULL,'avoid posting tweets under rate 20','',NULL,7,NULL,NULL,'2017-08-29 20:52:40','2017-10-13 11:05:35'),(197,11,NULL,NULL,'Make Historical Kibe extended','Make `HistoricalKibeService` an extenstion of `KibeService`.\r\n\r\nCreate as well a `TopWordService` to return to `HistoricalKibeService` a list of words to use on the search',NULL,6,NULL,NULL,'2017-08-31 10:48:12','2017-10-23 14:23:03'),(198,13,NULL,NULL,'donations','create `apoie.paulovelho.com.br` e `donate.paulovelho.com`',NULL,2,NULL,NULL,'2017-08-31 10:50:30','2017-08-31 10:50:33'),(199,1,NULL,NULL,'Quick Edit Project','Remove `add task` button from quick edit project if project is new',NULL,6,NULL,NULL,'2017-08-31 10:51:21','2017-12-04 14:12:01'),(200,11,NULL,NULL,'custom admin','create a different file for custom admin',NULL,1,NULL,NULL,'2017-08-31 11:07:31','2017-08-31 11:07:31'),(201,11,NULL,NULL,'run action from admin','',NULL,1,NULL,NULL,'2017-08-31 11:07:38','2017-08-31 11:07:38'),(202,3,NULL,NULL,'Bolão Pé Na Cova 2018','Put 2018 live!',NULL,6,NULL,NULL,'2017-09-01 09:33:37','2017-11-29 10:41:45'),(203,3,NULL,NULL,'Send e-mail for 2017 users','...telling about 2018 openings',NULL,6,NULL,NULL,'2017-09-01 09:33:53','2017-11-29 10:15:23'),(204,3,NULL,NULL,'fix obituario image sizes','sometimes it gets bolder than it should',NULL,1,NULL,NULL,'2017-09-01 09:39:34','2017-09-01 09:39:34'),(205,3,NULL,NULL,'split header image','separate our logo from our title',NULL,1,NULL,NULL,'2017-09-01 09:39:45','2017-09-01 09:39:45'),(206,3,NULL,NULL,'limit presuntos on pontuation','we\'re getting all presuntos on the `apostas` page (in admin).\r\n\r\nwe should limit for the ones from the year.',NULL,7,NULL,NULL,'2017-09-01 09:40:34','2017-11-20 10:17:06'),(207,11,NULL,NULL,'subject of tweet','define subject of tweet',NULL,6,NULL,NULL,'2017-09-21 10:16:19','2018-01-10 16:05:37'),(208,11,NULL,NULL,'delete follower','```\r\nif we already follow the guy:\r\n- check if we already unfollowerd him.\r\n-- if so: delete him\r\n-- if not: do nothing\r\n```',NULL,6,NULL,NULL,'2017-09-22 11:36:46','2017-10-23 11:19:54'),(210,3,NULL,NULL,'configure twitter','configure `@bolaopenacova`',NULL,6,NULL,NULL,'2017-10-11 10:17:38','2017-11-09 21:31:36'),(211,3,NULL,NULL,'add gadget','add twitter gadget where the news are',NULL,7,NULL,NULL,'2017-10-11 10:18:14','2017-11-20 10:17:04'),(212,11,NULL,NULL,'edit dead files','Edit `dead_thinkers.txt` and `dead_words.txt`',NULL,2,NULL,NULL,'2017-10-24 09:07:58','2017-10-24 09:07:58'),(213,3,NULL,NULL,'active send on configs','add a field on `magrathea.conf` to enable users to send list.\r\n\r\nFiles to be edited:\r\n`magrathea.conf`: new field `open_for_new`\r\n`Users/Cadastrar`: redirect if `open_for_new == false`\r\n`Home/UserCall`: remove link if `open_for_new == false`',NULL,6,NULL,NULL,'2017-11-02 09:21:02','2017-11-20 10:17:13'),(214,3,NULL,NULL,'Expand \"sua lista\"','Make a better way to show `sua lista`',NULL,6,NULL,NULL,'2017-11-02 10:38:59','2017-11-29 10:41:50'),(215,10,NULL,NULL,'configure mailchimp','Add a mailchimp account for Botecaria',NULL,2,NULL,NULL,'2017-11-09 11:49:48','2017-11-09 11:49:48'),(216,2,NULL,NULL,'true/false configuration edit','use switch when managing true/false values on configuration',NULL,5,NULL,NULL,'2017-11-09 23:34:32','2018-01-23 00:18:13'),(217,2,NULL,NULL,'download sql backup','it is downloading, but file downloaded is empty',NULL,2,NULL,NULL,'2017-11-10 10:42:41','2017-11-10 10:42:41'),(218,2,NULL,NULL,'delete backup','delete backup is not working',NULL,5,NULL,NULL,'2017-11-10 10:42:56','2018-02-25 14:04:35'),(219,3,NULL,NULL,'on/off cache via magrathea.conf','add a property on `magrathea.conf`... something like `cached = true` that will define if the app will make use of cache or not...',NULL,5,NULL,NULL,'2017-11-17 10:24:31','2018-01-23 00:00:47'),(220,3,NULL,NULL,'facebook connect','facebook redirect if sign in is not active',NULL,2,NULL,NULL,'2017-11-17 14:53:56','2017-11-17 14:53:56'),(221,1,NULL,NULL,'Show Task History','Show task history on task page',NULL,2,NULL,NULL,'2017-11-18 21:59:30','2017-11-18 21:59:30'),(222,3,NULL,NULL,'Loading on Enviar','when user clicks `Enviar`, it takes a while to load\r\n\r\ndeactivate the button and put a loading icon meanwhile',NULL,2,NULL,NULL,'2017-11-29 10:42:21','2017-11-29 10:42:21'),(223,11,NULL,NULL,'fix special chars','&amp;\r\n&gt;\r\n&lt;',NULL,6,NULL,NULL,'2017-12-01 09:08:06','2018-01-10 16:05:36'),(224,1,NULL,NULL,'Show Ticket ID','Show ticket ID, \r\n\r\nlike: #T2',NULL,2,NULL,NULL,'2017-12-03 23:02:59','2017-12-03 23:02:59'),(225,3,NULL,NULL,'Ranking 2017','- Adicionar Ranking 2017\r\n- Adicionar botão no obituário',NULL,6,NULL,NULL,'2017-12-03 23:06:49','2018-01-10 16:35:32'),(226,10,NULL,NULL,'API conta azul','Abrir API com a conta azul',NULL,2,NULL,NULL,'2017-12-13 21:21:30','2018-01-10 16:05:17'),(227,10,NULL,NULL,'Banco de dados','criar banco de dados para o Tio Bial',NULL,3,NULL,NULL,'2017-12-13 21:21:45','2018-05-24 17:10:11'),(228,10,NULL,NULL,'Create Mailchimp Purpose','Create purpose to implement mailchimp',NULL,5,NULL,NULL,'2018-01-10 16:04:49','2018-01-17 15:51:51'),(229,1,NULL,NULL,'Add Save button on task page','When clicking to edit a task, we should be able to save or cancel.\r\n\r\n\r\nwhen saving, something is messing with project id...\r\n(it was because project was inactive)',NULL,5,NULL,NULL,'2018-01-10 16:08:08','2018-02-27 11:09:59'),(230,5,NULL,NULL,'Cobaia Humana 2.0','- fix links\r\n- fix internal references',NULL,6,NULL,NULL,'2018-01-10 16:15:59','2018-02-25 13:59:28'),(231,5,NULL,NULL,'Cobaia Humana em inglês','- translate images',NULL,5,NULL,NULL,'2018-01-10 16:16:50','2018-02-25 13:59:51'),(232,5,NULL,NULL,'Self-experiments','create english book',NULL,6,NULL,NULL,'2018-01-10 16:20:25','2018-02-25 13:59:46'),(233,12,NULL,NULL,'review all cobaia humana texts','',NULL,5,NULL,NULL,'2018-01-10 16:22:08','2018-02-25 13:59:18'),(234,5,NULL,NULL,'publish cobaia humana 2.0','publish new revision of book',NULL,6,NULL,NULL,'2018-01-19 16:28:56','2018-02-25 13:59:32'),(235,6,NULL,NULL,'health insurance','',NULL,6,NULL,NULL,'2018-01-19 16:40:49','2018-02-25 13:59:19'),(236,2,NULL,NULL,'fix 777 permissions','',NULL,5,NULL,NULL,'2018-01-23 09:41:07','2018-02-21 22:40:13'),(237,3,NULL,NULL,'fix files permissions','chmod 0744 it_all',NULL,2,NULL,NULL,'2018-02-26 02:41:11','2018-02-26 02:41:11'),(238,3,NULL,NULL,'auto deploy configuration','create `.deploy`',NULL,1,NULL,NULL,'2018-02-26 10:52:33','2018-02-26 10:52:33'),(239,3,NULL,NULL,'add icons on Magrathea Images','icons for upload complete... (or failed)',NULL,2,NULL,NULL,'2018-03-14 08:27:09','2018-03-14 08:27:09'),(240,9,NULL,NULL,'update pdf','update pdf menu',NULL,6,NULL,NULL,'2018-03-24 08:40:23','2018-04-18 07:48:18'),(241,9,NULL,NULL,'change delivery time','`La diz na parte de delivery que a gente entrega ate a uma da manha. Quero mudar pra meia noite`',NULL,6,NULL,NULL,'2018-03-24 08:41:13','2018-04-18 07:48:20'),(242,3,NULL,NULL,'changes on \"Sobre\" page:','- add conselho de jurados\r\n- fix title for cocadaboa image',NULL,3,NULL,NULL,'2018-04-01 09:04:12','2018-04-01 09:04:12'),(243,1,NULL,NULL,'show active projects','show active projects on the home screen',NULL,2,NULL,NULL,'2018-04-01 09:04:42','2018-04-01 09:04:42'),(244,3,NULL,NULL,'regulamento title','add `$sign_year` on regulamento title',NULL,2,NULL,NULL,'2018-04-01 09:31:23','2018-04-01 09:31:23'),(245,3,NULL,NULL,'update Magrathea','update Magrathea Version',NULL,2,NULL,NULL,'2018-04-01 22:30:18','2018-04-01 22:30:18'),(246,1,NULL,NULL,'always show form','(if task is new)',NULL,2,NULL,NULL,'2018-04-01 22:30:42','2018-04-01 22:30:42');
UNLOCK TABLES;

DROP TABLE IF EXISTS `users`;
CREATE TABLE `users` (
  `id` int(11) unsigned NOT NULL AUTO_INCREMENT,
  `name` varchar(255) DEFAULT NULL,
  `email` varchar(255) DEFAULT NULL,
  `password` varchar(255) DEFAULT NULL,
  `created_at` TIMESTAMP NULL DEFAULT CURRENT_TIMESTAMP,
  `updated_at` TIMESTAMP NULL DEFAULT NULL ON UPDATE CURRENT_TIMESTAMP,
  PRIMARY KEY (`id`)
) ENGINE=InnoDB AUTO_INCREMENT=2 DEFAULT CHARSET=utf8;
LOCK TABLES `users` WRITE;
INSERT INTO `users` VALUES (1,'Paulo Martins','paulovelho@paulovelho.com','ee37148547c6c7502ebd95d1d342648692b2c97b','2016-07-27 16:45:17','2016-12-23 12:24:37');
UNLOCK TABLES;

DROP TABLE IF EXISTS `works`;
CREATE TABLE `works` (
  `id` int(11) unsigned NOT NULL AUTO_INCREMENT,
  `project_id` int(11) DEFAULT NULL,
  `title` varchar(255) DEFAULT NULL,
  `text` text,
  `status_id` int(11) DEFAULT NULL,
  `user_id` int(11) DEFAULT NULL,
  `created_at` TIMESTAMP NULL DEFAULT CURRENT_TIMESTAMP,
  `updated_at` TIMESTAMP NULL DEFAULT NULL ON UPDATE CURRENT_TIMESTAMP,
  PRIMARY KEY (`id`)
) ENGINE=InnoDB DEFAULT CHARSET=utf8;
LOCK TABLES `works` WRITE;
UNLOCK TABLES;

ALTER TABLE `oceania`.`tasks` 
ADD COLUMN `expectation` FLOAT NULL AFTER `text`;

